"journal_id","journal_number","journal_date","source_type","source_id","line_id","account_id","account_code","account_name","line_amount","description","tenant_id","user_id","connection_id","provider","org_id","org_name","updated_at","synced_at","department","class_name","vendor_name","vendor_id","debit_amount","credit_amount"
"sample_gl_2024__TB_4000_202401",0,"2024-01-31 00:00:00","REV","","sample_gl_2024__TB_4000_202401__0","4000","4000","Product Sales",-68628,"Monthly revenue recognition","3c964ac3-7868-48ca-a197-53cf9629175d","","d8f7ab35-f218-4b14-8188-bf744c42cb6e","gl_import","sample_gl_2024","","2026-05-17 17:45:55","2026-05-17 17:45:56","","","","",0,68628
"sample_gl_2024__TB_4000_202402",0,"2024-02-29 00:00:00","REV","","sample_gl_2024__TB_4000_202402__0","4000","4000","Product Sales",-68628,"Monthly revenue recognition","3c964ac3-7868-48ca-a197-53cf9629175d","","d8f7ab35-f218-4b14-8188-bf744c42cb6e","gl_import","sample_gl_2024","","2026-05-17 17:45:55","2026-05-17 17:45:56","","","","",0,68628
"sample_gl_2024__TB_4000_202403",0,"2024-03-31 00:00:00","REV","","sample_gl_2024__TB_4000_202403__0","4000","4000","Product Sales",-78432,"Monthly revenue recognition","3c964ac3-7868-48ca-a197-53cf9629175d","","d8f7ab35-f218-4b14-8188-bf744c42cb6e","gl_import","sample_gl_2024","","2026-05-17 17:45:55","2026-05-17 17:45:56","","","","",0,78432
"sample_gl_2024__TB_4000_202404",0,"2024-04-30 00:00:00","REV","","sample_gl_2024__TB_4000_202404__0","4000","4000","Product Sales",-78432,"Monthly revenue recognition","3c964ac3-7868-48ca-a197-53cf9629175d","","d8f7ab35-f218-4b14-8188-bf744c42cb6e","gl_import","sample_gl_2024","","2026-05-17 17:45:55","2026-05-17 17:45:56","","","","",0,78432
"sample_gl_2024__TB_4000_202405",0,"2024-05-31 00:00:00","REV","","sample_gl_2024__TB_4000_202405__0","4000","4000","Product Sales",-78432,"Monthly revenue recognition","3c964ac3-7868-48ca-a197-53cf9629175d","","d8f7ab35-f218-4b14-8188-bf744c42cb6e","gl_import","sample_gl_2024","","2026-05-17 17:45:55","2026-05-17 17:45:56","","","","",0,78432
"sample_gl_2024__TB_4000_202406",0,"2024-06-30 00:00:00","REV","","sample_gl_2024__TB_4000_202406__0","4000","4000","Product Sales",-78432,"Monthly revenue recognition","3c964ac3-7868-48ca-a197-53cf9629175d","","d8f7ab35-f218-4b14-8188-bf744c42cb6e","gl_import","sample_gl_2024","","2026-05-17 17:45:55","2026-05-17 17:45:56","","","","",0,78432
"sample_gl_2024__TB_4000_202407",0,"2024-07-31 00:00:00","REV","","sample_gl_2024__TB_4000_202407__0","4000","4000","Product Sales",-78432,"Monthly revenue recognition","3c964ac3-7868-48ca-a197-53cf9629175d","","d8f7ab35-f218-4b14-8188-bf744c42cb6e","gl_import","sample_gl_2024","","2026-05-17 17:45:55","2026-05-17 17:45:56","","","","",0,78432
"sample_gl_2024__TB_4000_202408",0,"2024-08-31 00:00:00","REV","","sample_gl_2024__TB_4000_202408__0","4000","4000","Product Sales",-78432,"Monthly revenue recognition","3c964ac3-7868-48ca-a197-53cf9629175d","","d8f7ab35-f218-4b14-8188-bf744c42cb6e","gl_import","sample_gl_2024","","2026-05-17 17:45:55","2026-05-17 17:45:56","","","","",0,78432
"sample_gl_2024__TB_4000_202409",0,"2024-09-30 00:00:00","REV","","sample_gl_2024__TB_4000_202409__0","4000","4000","Product Sales",-88236,"Monthly revenue recognition","3c964ac3-7868-48ca-a197-53cf9629175d","","d8f7ab35-f218-4b14-8188-bf744c42cb6e","gl_import","sample_gl_2024","","2026-05-17 17:45:55","2026-05-17 17:45:56","","","","",0,88236
"sample_gl_2024__TB_4000_202410",0,"2024-10-31 00:00:00","REV","","sample_gl_2024__TB_4000_202410__0","4000","4000","Product Sales",-88236,"Monthly revenue recognition","3c964ac3-7868-48ca-a197-53cf9629175d","","d8f7ab35-f218-4b14-8188-bf744c42cb6e","gl_import","sample_gl_2024","","2026-05-17 17:45:55","2026-05-17 17:45:56","","","","",0,88236
"sample_gl_2024__TB_4000_202411",0,"2024-11-30 00:00:00","REV","","sample_gl_2024__TB_4000_202411__0","4000","4000","Product Sales",-88236,"Monthly revenue recognition","3c964ac3-7868-48ca-a197-53cf9629175d","","d8f7ab35-f218-4b14-8188-bf744c42cb6e","gl_import","sample_gl_2024","","2026-05-17 17:45:55","2026-05-17 17:45:56","","","","",0,88236
"sample_gl_2024__TB_4000_202412",0,"2024-12-31 00:00:00","REV","","sample_gl_2024__TB_4000_202412__0","4000","4000","Product Sales",-107844,"Monthly revenue recognition","3c964ac3-7868-48ca-a197-53cf9629175d","","d8f7ab35-f218-4b14-8188-bf744c42cb6e","gl_import","sample_gl_2024","","2026-05-17 17:45:55","2026-05-17 17:45:56","","","","",0,107844
"sample_gl_2024__TB_4100_202401",0,"2024-01-31 00:00:00","REV","","sample_gl_2024__TB_4100_202401__0","4100","4100","Service Revenue",-15092,"Monthly revenue recognition","3c964ac3-7868-48ca-a197-53cf9629175d","","d8f7ab35-f218-4b14-8188-bf744c42cb6e","gl_import","sample_gl_2024","","2026-05-17 17:45:55","2026-05-17 17:45:56","","","","",0,15092
"sample_gl_2024__TB_4100_202402",0,"2024-02-29 00:00:00","REV","","sample_gl_2024__TB_4100_202402__0","4100","4100","Service Revenue",-15092,"Monthly revenue recognition","3c964ac3-7868-48ca-a197-53cf9629175d","","d8f7ab35-f218-4b14-8188-bf744c42cb6e","gl_import","sample_gl_2024","","2026-05-17 17:45:55","2026-05-17 17:45:56","","","","",0,15092
"sample_gl_2024__TB_4100_202403",0,"2024-03-31 00:00:00","REV","","sample_gl_2024__TB_4100_202403__0","4100","4100","Service Revenue",-17248,"Monthly revenue recognition","3c964ac3-7868-48ca-a197-53cf9629175d","","d8f7ab35-f218-4b14-8188-bf744c42cb6e","gl_import","sample_gl_2024","","2026-05-17 17:45:55","2026-05-17 17:45:56","","","","",0,17248
"sample_gl_2024__TB_4100_202404",0,"2024-04-30 00:00:00","REV","","sample_gl_2024__TB_4100_202404__0","4100","4100","Service Revenue",-17248,"Monthly revenue recognition","3c964ac3-7868-48ca-a197-53cf9629175d","","d8f7ab35-f218-4b14-8188-bf744c42cb6e","gl_import","sample_gl_2024","","2026-05-17 17:45:55","2026-05-17 17:45:56","","","","",0,17248
"sample_gl_2024__TB_4100_202405",0,"2024-05-31 00:00:00","REV","","sample_gl_2024__TB_4100_202405__0","4100","4100","Service Revenue",-17248,"Monthly revenue recognition","3c964ac3-7868-48ca-a197-53cf9629175d","","d8f7ab35-f218-4b14-8188-bf744c42cb6e","gl_import","sample_gl_2024","","2026-05-17 17:45:55","2026-05-17 17:45:56","","","","",0,17248
"sample_gl_2024__TB_4100_202406",0,"2024-06-30 00:00:00","REV","","sample_gl_2024__TB_4100_202406__0","4100","4100","Service Revenue",-17248,"Monthly revenue recognition","3c964ac3-7868-48ca-a197-53cf9629175d","","d8f7ab35-f218-4b14-8188-bf744c42cb6e","gl_import","sample_gl_2024","","2026-05-17 17:45:55","2026-05-17 17:45:56","","","","",0,17248
"sample_gl_2024__TB_4100_202407",0,"2024-07-31 00:00:00","REV","","sample_gl_2024__TB_4100_202407__0","4100","4100","Service Revenue",-17248,"Monthly revenue recognition","3c964ac3-7868-48ca-a197-53cf9629175d","","d8f7ab35-f218-4b14-8188-bf744c42cb6e","gl_import","sample_gl_2024","","2026-05-17 17:45:55","2026-05-17 17:45:56","","","","",0,17248
"sample_gl_2024__TB_4100_202408",0,"2024-08-31 00:00:00","REV","","sample_gl_2024__TB_4100_202408__0","4100","4100","Service Revenue",-17248,"Monthly revenue recognition","3c964ac3-7868-48ca-a197-53cf9629175d","","d8f7ab35-f218-4b14-8188-bf744c42cb6e","gl_import","sample_gl_2024","","2026-05-17 17:45:55","2026-05-17 17:45:56","","","","",0,17248
"sample_gl_2024__TB_4100_202409",0,"2024-09-30 00:00:00","REV","","sample_gl_2024__TB_4100_202409__0","4100","4100","Service Revenue",-19404,"Monthly revenue recognition","3c964ac3-7868-48ca-a197-53cf9629175d","","d8f7ab35-f218-4b14-8188-bf744c42cb6e","gl_import","sample_gl_2024","","2026-05-17 17:45:55","2026-05-17 17:45:56","","","","",0,19404
"sample_gl_2024__TB_4100_202410",0,"2024-10-31 00:00:00","REV","","sample_gl_2024__TB_4100_202410__0","4100","4100","Service Revenue",-19404,"Monthly revenue recognition","3c964ac3-7868-48ca-a197-53cf9629175d","","d8f7ab35-f218-4b14-8188-bf744c42cb6e","gl_import","sample_gl_2024","","2026-05-17 17:45:55","2026-05-17 17:45:56","","","","",0,19404
"sample_gl_2024__TB_4100_202411",0,"2024-11-30 00:00:00","REV","","sample_gl_2024__TB_4100_202411__0","4100","4100","Service Revenue",-19404,"Monthly revenue recognition","3c964ac3-7868-48ca-a197-53cf9629175d","","d8f7ab35-f218-4b14-8188-bf744c42cb6e","gl_import","sample_gl_2024","","2026-05-17 17:45:55","2026-05-17 17:45:56","","","","",0,19404
"sample_gl_2024__TB_4100_202412",0,"2024-12-31 00:00:00","REV","","sample_gl_2024__TB_4100_202412__0","4100","4100","Service Revenue",-23716,"Monthly revenue recognition","3c964ac3-7868-48ca-a197-53cf9629175d","","d8f7ab35-f218-4b14-8188-bf744c42cb6e","gl_import","sample_gl_2024","","2026-05-17 17:45:55","2026-05-17 17:45:56","","","","",0,23716
"sample_gl_2024__TB_4200_202401",0,"2024-01-31 00:00:00","REV","","sample_gl_2024__TB_4200_202401__0","4200","4200","Consulting Revenue",-6111,"Monthly revenue recognition","3c964ac3-7868-48ca-a197-53cf9629175d","","d8f7ab35-f218-4b14-8188-bf744c42cb6e","gl_import","sample_gl_2024","","2026-05-17 17:45:55","2026-05-17 17:45:56","","","","",0,6111
"sample_gl_2024__TB_4200_202402",0,"2024-02-29 00:00:00","REV","","sample_gl_2024__TB_4200_202402__0","4200","4200","Consulting Revenue",-6111,"Monthly revenue recognition","3c964ac3-7868-48ca-a197-53cf9629175d","","d8f7ab35-f218-4b14-8188-bf744c42cb6e","gl_import","sample_gl_2024","","2026-05-17 17:45:55","2026-05-17 17:45:56","","","","",0,6111
"sample_gl_2024__TB_4200_202403",0,"2024-03-31 00:00:00","REV","","sample_gl_2024__TB_4200_202403__0","4200","4200","Consulting Revenue",-6984,"Monthly revenue recognition","3c964ac3-7868-48ca-a197-53cf9629175d","","d8f7ab35-f218-4b14-8188-bf744c42cb6e","gl_import","sample_gl_2024","","2026-05-17 17:45:55","2026-05-17 17:45:56","","","","",0,6984
"sample_gl_2024__TB_4200_202404",0,"2024-04-30 00:00:00","REV","","sample_gl_2024__TB_4200_202404__0","4200","4200","Consulting Revenue",-6984,"Monthly revenue recognition","3c964ac3-7868-48ca-a197-53cf9629175d","","d8f7ab35-f218-4b14-8188-bf744c42cb6e","gl_import","sample_gl_2024","","2026-05-17 17:45:55","2026-05-17 17:45:56","","","","",0,6984
"sample_gl_2024__TB_4200_202405",0,"2024-05-31 00:00:00","REV","","sample_gl_2024__TB_4200_202405__0","4200","4200","Consulting Revenue",-6984,"Monthly revenue recognition","3c964ac3-7868-48ca-a197-53cf9629175d","","d8f7ab35-f218-4b14-8188-bf744c42cb6e","gl_import","sample_gl_2024","","2026-05-17 17:45:55","2026-05-17 17:45:56","","","","",0,6984
"sample_gl_2024__TB_4200_202406",0,"2024-06-30 00:00:00","REV","","sample_gl_2024__TB_4200_202406__0","4200","4200","Consulting Revenue",-6984,"Monthly revenue recognition","3c964ac3-7868-48ca-a197-53cf9629175d","","d8f7ab35-f218-4b14-8188-bf744c42cb6e","gl_import","sample_gl_2024","","2026-05-17 17:45:55","2026-05-17 17:45:56","","","","",0,6984
"sample_gl_2024__TB_4200_202407",0,"2024-07-31 00:00:00","REV","","sample_gl_2024__TB_4200_202407__0","4200","4200","Consulting Revenue",-6984,"Monthly revenue recognition","3c964ac3-7868-48ca-a197-53cf9629175d","","d8f7ab35-f218-4b14-8188-bf744c42cb6e","gl_import","sample_gl_2024","","2026-05-17 17:45:55","2026-05-17 17:45:56","","","","",0,6984
"sample_gl_2024__TB_4200_202408",0,"2024-08-31 00:00:00","REV","","sample_gl_2024__TB_4200_202408__0","4200","4200","Consulting Revenue",-6984,"Monthly revenue recognition","3c964ac3-7868-48ca-a197-53cf9629175d","","d8f7ab35-f218-4b14-8188-bf744c42cb6e","gl_import","sample_gl_2024","","2026-05-17 17:45:55","2026-05-17 17:45:56","","","","",0,6984
"sample_gl_2024__TB_4200_202409",0,"2024-09-30 00:00:00","REV","","sample_gl_2024__TB_4200_202409__0","4200","4200","Consulting Revenue",-7857,"Monthly revenue recognition","3c964ac3-7868-48ca-a197-53cf9629175d","","d8f7ab35-f218-4b14-8188-bf744c42cb6e","gl_import","sample_gl_2024","","2026-05-17 17:45:55","2026-05-17 17:45:56","","","","",0,7857
"sample_gl_2024__TB_4200_202410",0,"2024-10-31 00:00:00","REV","","sample_gl_2024__TB_4200_202410__0","4200","4200","Consulting Revenue",-7857,"Monthly revenue recognition","3c964ac3-7868-48ca-a197-53cf9629175d","","d8f7ab35-f218-4b14-8188-bf744c42cb6e","gl_import","sample_gl_2024","","2026-05-17 17:45:55","2026-05-17 17:45:56","","","","",0,7857
"sample_gl_2024__TB_4200_202411",0,"2024-11-30 00:00:00","REV","","sample_gl_2024__TB_4200_202411__0","4200","4200","Consulting Revenue",-7857,"Monthly revenue recognition","3c964ac3-7868-48ca-a197-53cf9629175d","","d8f7ab35-f218-4b14-8188-bf744c42cb6e","gl_import","sample_gl_2024","","2026-05-17 17:45:55","2026-05-17 17:45:56","","","","",0,7857
"sample_gl_2024__TB_4200_202412",0,"2024-12-31 00:00:00","REV","","sample_gl_2024__TB_4200_202412__0","4200","4200","Consulting Revenue",-9603,"Monthly revenue recognition","3c964ac3-7868-48ca-a197-53cf9629175d","","d8f7ab35-f218-4b14-8188-bf744c42cb6e","gl_import","sample_gl_2024","","2026-05-17 17:45:55","2026-05-17 17:45:56","","","","",0,9603
"sample_gl_2024__TB_4300_202401",0,"2024-01-31 00:00:00","REV","","sample_gl_2024__TB_4300_202401__0","4300","4300","Other Income",-896,"Monthly revenue recognition","3c964ac3-7868-48ca-a197-53cf9629175d","","d8f7ab35-f218-4b14-8188-bf744c42cb6e","gl_import","sample_gl_2024","","2026-05-17 17:45:55","2026-05-17 17:45:56","","","","",0,896
"sample_gl_2024__TB_4300_202402",0,"2024-02-29 00:00:00","REV","","sample_gl_2024__TB_4300_202402__0","4300","4300","Other Income",-896,"Monthly revenue recognition","3c964ac3-7868-48ca-a197-53cf9629175d","","d8f7ab35-f218-4b14-8188-bf744c42cb6e","gl_import","sample_gl_2024","","2026-05-17 17:45:55","2026-05-17 17:45:56","","","","",0,896
"sample_gl_2024__TB_4300_202403",0,"2024-03-31 00:00:00","REV","","sample_gl_2024__TB_4300_202403__0","4300","4300","Other Income",-1024,"Monthly revenue recognition","3c964ac3-7868-48ca-a197-53cf9629175d","","d8f7ab35-f218-4b14-8188-bf744c42cb6e","gl_import","sample_gl_2024","","2026-05-17 17:45:55","2026-05-17 17:45:56","","","","",0,1024
"sample_gl_2024__TB_4300_202404",0,"2024-04-30 00:00:00","REV","","sample_gl_2024__TB_4300_202404__0","4300","4300","Other Income",-1024,"Monthly revenue recognition","3c964ac3-7868-48ca-a197-53cf9629175d","","d8f7ab35-f218-4b14-8188-bf744c42cb6e","gl_import","sample_gl_2024","","2026-05-17 17:45:55","2026-05-17 17:45:56","","","","",0,1024
"sample_gl_2024__TB_4300_202405",0,"2024-05-31 00:00:00","REV","","sample_gl_2024__TB_4300_202405__0","4300","4300","Other Income",-1024,"Monthly revenue recognition","3c964ac3-7868-48ca-a197-53cf9629175d","","d8f7ab35-f218-4b14-8188-bf744c42cb6e","gl_import","sample_gl_2024","","2026-05-17 17:45:55","2026-05-17 17:45:56","","","","",0,1024
"sample_gl_2024__TB_4300_202406",0,"2024-06-30 00:00:00","REV","","sample_gl_2024__TB_4300_202406__0","4300","4300","Other Income",-1024,"Monthly revenue recognition","3c964ac3-7868-48ca-a197-53cf9629175d","","d8f7ab35-f218-4b14-8188-bf744c42cb6e","gl_import","sample_gl_2024","","2026-05-17 17:45:55","2026-05-17 17:45:56","","","","",0,1024
"sample_gl_2024__TB_4300_202407",0,"2024-07-31 00:00:00","REV","","sample_gl_2024__TB_4300_202407__0","4300","4300","Other Income",-1024,"Monthly revenue recognition","3c964ac3-7868-48ca-a197-53cf9629175d","","d8f7ab35-f218-4b14-8188-bf744c42cb6e","gl_import","sample_gl_2024","","2026-05-17 17:45:55","2026-05-17 17:45:56","","","","",0,1024
"sample_gl_2024__TB_4300_202408",0,"2024-08-31 00:00:00","REV","","sample_gl_2024__TB_4300_202408__0","4300","4300","Other Income",-1024,"Monthly revenue recognition","3c964ac3-7868-48ca-a197-53cf9629175d","","d8f7ab35-f218-4b14-8188-bf744c42cb6e","gl_import","sample_gl_2024","","2026-05-17 17:45:55","2026-05-17 17:45:56","","","","",0,1024
"sample_gl_2024__TB_4300_202409",0,"2024-09-30 00:00:00","REV","","sample_gl_2024__TB_4300_202409__0","4300","4300","Other Income",-1152,"Monthly revenue recognition","3c964ac3-7868-48ca-a197-53cf9629175d","","d8f7ab35-f218-4b14-8188-bf744c42cb6e","gl_import","sample_gl_2024","","2026-05-17 17:45:55","2026-05-17 17:45:56","","","","",0,1152
"sample_gl_2024__TB_4300_202410",0,"2024-10-31 00:00:00","REV","","sample_gl_2024__TB_4300_202410__0","4300","4300","Other Income",-1152,"Monthly revenue recognition","3c964ac3-7868-48ca-a197-53cf9629175d","","d8f7ab35-f218-4b14-8188-bf744c42cb6e","gl_import","sample_gl_2024","","2026-05-17 17:45:55","2026-05-17 17:45:56","","","","",0,1152
"sample_gl_2024__TB_4300_202411",0,"2024-11-30 00:00:00","REV","","sample_gl_2024__TB_4300_202411__0","4300","4300","Other Income",-1152,"Monthly revenue recognition","3c964ac3-7868-48ca-a197-53cf9629175d","","d8f7ab35-f218-4b14-8188-bf744c42cb6e","gl_import","sample_gl_2024","","2026-05-17 17:45:55","2026-05-17 17:45:56","","","","",0,1152
"sample_gl_2024__TB_4300_202412",0,"2024-12-31 00:00:00","REV","","sample_gl_2024__TB_4300_202412__0","4300","4300","Other Income",-1408,"Monthly revenue recognition","3c964ac3-7868-48ca-a197-53cf9629175d","","d8f7ab35-f218-4b14-8188-bf744c42cb6e","gl_import","sample_gl_2024","","2026-05-17 17:45:55","2026-05-17 17:45:56","","","","",0,1408
"sample_gl_2024__TB_5000_202401",0,"2024-01-31 00:00:00","COGS","","sample_gl_2024__TB_5000_202401__0","5000","5000","Cost of Goods Sold",30009,"Monthly COGS entry","3c964ac3-7868-48ca-a197-53cf9629175d","","d8f7ab35-f218-4b14-8188-bf744c42cb6e","gl_import","sample_gl_2024","","2026-05-17 17:45:55","2026-05-17 17:45:56","","","","",30009,0
"sample_gl_2024__TB_5000_202402",0,"2024-02-29 00:00:00","COGS","","sample_gl_2024__TB_5000_202402__0","5000","5000","Cost of Goods Sold",30009,"Monthly COGS entry","3c964ac3-7868-48ca-a197-53cf9629175d","","d8f7ab35-f218-4b14-8188-bf744c42cb6e","gl_import","sample_gl_2024","","2026-05-17 17:45:55","2026-05-17 17:45:56","","","","",30009,0
"sample_gl_2024__TB_5000_202403",0,"2024-03-31 00:00:00","COGS","","sample_gl_2024__TB_5000_202403__0","5000","5000","Cost of Goods Sold",34296,"Monthly COGS entry","3c964ac3-7868-48ca-a197-53cf9629175d","","d8f7ab35-f218-4b14-8188-bf744c42cb6e","gl_import","sample_gl_2024","","2026-05-17 17:45:55","2026-05-17 17:45:56","","","","",34296,0
"sample_gl_2024__TB_5000_202404",0,"2024-04-30 00:00:00","COGS","","sample_gl_2024__TB_5000_202404__0","5000","5000","Cost of Goods Sold",34296,"Monthly COGS entry","3c964ac3-7868-48ca-a197-53cf9629175d","","d8f7ab35-f218-4b14-8188-bf744c42cb6e","gl_import","sample_gl_2024","","2026-05-17 17:45:55","2026-05-17 17:45:56","","","","",34296,0
"sample_gl_2024__TB_5000_202405",0,"2024-05-31 00:00:00","COGS","","sample_gl_2024__TB_5000_202405__0","5000","5000","Cost of Goods Sold",34296,"Monthly COGS entry","3c964ac3-7868-48ca-a197-53cf9629175d","","d8f7ab35-f218-4b14-8188-bf744c42cb6e","gl_import","sample_gl_2024","","2026-05-17 17:45:55","2026-05-17 17:45:56","","","","",34296,0
"sample_gl_2024__TB_5000_202406",0,"2024-06-30 00:00:00","COGS","","sample_gl_2024__TB_5000_202406__0","5000","5000","Cost of Goods Sold",34296,"Monthly COGS entry","3c964ac3-7868-48ca-a197-53cf9629175d","","d8f7ab35-f218-4b14-8188-bf744c42cb6e","gl_import","sample_gl_2024","","2026-05-17 17:45:55","2026-05-17 17:45:56","","","","",34296,0
"sample_gl_2024__TB_5000_202407",0,"2024-07-31 00:00:00","COGS","","sample_gl_2024__TB_5000_202407__0","5000","5000","Cost of Goods Sold",34296,"Monthly COGS entry","3c964ac3-7868-48ca-a197-53cf9629175d","","d8f7ab35-f218-4b14-8188-bf744c42cb6e","gl_import","sample_gl_2024","","2026-05-17 17:45:55","2026-05-17 17:45:56","","","","",34296,0
"sample_gl_2024__TB_5000_202408",0,"2024-08-31 00:00:00","COGS","","sample_gl_2024__TB_5000_202408__0","5000","5000","Cost of Goods Sold",34296,"Monthly COGS entry","3c964ac3-7868-48ca-a197-53cf9629175d","","d8f7ab35-f218-4b14-8188-bf744c42cb6e","gl_import","sample_gl_2024","","2026-05-17 17:45:55","2026-05-17 17:45:56","","","","",34296,0
"sample_gl_2024__TB_5000_202409",0,"2024-09-30 00:00:00","COGS","","sample_gl_2024__TB_5000_202409__0","5000","5000","Cost of Goods Sold",38583,"Monthly COGS entry","3c964ac3-7868-48ca-a197-53cf9629175d","","d8f7ab35-f218-4b14-8188-bf744c42cb6e","gl_import","sample_gl_2024","","2026-05-17 17:45:55","2026-05-17 17:45:56","","","","",38583,0
"sample_gl_2024__TB_5000_202410",0,"2024-10-31 00:00:00","COGS","","sample_gl_2024__TB_5000_202410__0","5000","5000","Cost of Goods Sold",38583,"Monthly COGS entry","3c964ac3-7868-48ca-a197-53cf9629175d","","d8f7ab35-f218-4b14-8188-bf744c42cb6e","gl_import","sample_gl_2024","","2026-05-17 17:45:55","2026-05-17 17:45:56","","","","",38583,0
"sample_gl_2024__TB_5000_202411",0,"2024-11-30 00:00:00","COGS","","sample_gl_2024__TB_5000_202411__0","5000","5000","Cost of Goods Sold",38583,"Monthly COGS entry","3c964ac3-7868-48ca-a197-53cf9629175d","","d8f7ab35-f218-4b14-8188-bf744c42cb6e","gl_import","sample_gl_2024","","2026-05-17 17:45:55","2026-05-17 17:45:56","","","","",38583,0
"sample_gl_2024__TB_5000_202412",0,"2024-12-31 00:00:00","COGS","","sample_gl_2024__TB_5000_202412__0","5000","5000","Cost of Goods Sold",47157,"Monthly COGS entry","3c964ac3-7868-48ca-a197-53cf9629175d","","d8f7ab35-f218-4b14-8188-bf744c42cb6e","gl_import","sample_gl_2024","","2026-05-17 17:45:55","2026-05-17 17:45:56","","","","",47157,0
"sample_gl_2024__TB_5100_202401",0,"2024-01-31 00:00:00","COGS","","sample_gl_2024__TB_5100_202401__0","5100","5100","Direct Labor",6902,"Monthly COGS entry","3c964ac3-7868-48ca-a197-53cf9629175d","","d8f7ab35-f218-4b14-8188-bf744c42cb6e","gl_import","sample_gl_2024","","2026-05-17 17:45:55","2026-05-17 17:45:56","","","","",6902,0
"sample_gl_2024__TB_5100_202402",0,"2024-02-29 00:00:00","COGS","","sample_gl_2024__TB_5100_202402__0","5100","5100","Direct Labor",6902,"Monthly COGS entry","3c964ac3-7868-48ca-a197-53cf9629175d","","d8f7ab35-f218-4b14-8188-bf744c42cb6e","gl_import","sample_gl_2024","","2026-05-17 17:45:55","2026-05-17 17:45:56","","","","",6902,0
"sample_gl_2024__TB_5100_202403",0,"2024-03-31 00:00:00","COGS","","sample_gl_2024__TB_5100_202403__0","5100","5100","Direct Labor",7888,"Monthly COGS entry","3c964ac3-7868-48ca-a197-53cf9629175d","","d8f7ab35-f218-4b14-8188-bf744c42cb6e","gl_import","sample_gl_2024","","2026-05-17 17:45:55","2026-05-17 17:45:56","","","","",7888,0
"sample_gl_2024__TB_5100_202404",0,"2024-04-30 00:00:00","COGS","","sample_gl_2024__TB_5100_202404__0","5100","5100","Direct Labor",7888,"Monthly COGS entry","3c964ac3-7868-48ca-a197-53cf9629175d","","d8f7ab35-f218-4b14-8188-bf744c42cb6e","gl_import","sample_gl_2024","","2026-05-17 17:45:55","2026-05-17 17:45:56","","","","",7888,0
"sample_gl_2024__TB_5100_202405",0,"2024-05-31 00:00:00","COGS","","sample_gl_2024__TB_5100_202405__0","5100","5100","Direct Labor",7888,"Monthly COGS entry","3c964ac3-7868-48ca-a197-53cf9629175d","","d8f7ab35-f218-4b14-8188-bf744c42cb6e","gl_import","sample_gl_2024","","2026-05-17 17:45:55","2026-05-17 17:45:56","","","","",7888,0
"sample_gl_2024__TB_5100_202406",0,"2024-06-30 00:00:00","COGS","","sample_gl_2024__TB_5100_202406__0","5100","5100","Direct Labor",7888,"Monthly COGS entry","3c964ac3-7868-48ca-a197-53cf9629175d","","d8f7ab35-f218-4b14-8188-bf744c42cb6e","gl_import","sample_gl_2024","","2026-05-17 17:45:55","2026-05-17 17:45:56","","","","",7888,0
"sample_gl_2024__TB_5100_202407",0,"2024-07-31 00:00:00","COGS","","sample_gl_2024__TB_5100_202407__0","5100","5100","Direct Labor",7888,"Monthly COGS entry","3c964ac3-7868-48ca-a197-53cf9629175d","","d8f7ab35-f218-4b14-8188-bf744c42cb6e","gl_import","sample_gl_2024","","2026-05-17 17:45:55","2026-05-17 17:45:56","","","","",7888,0
"sample_gl_2024__TB_5100_202408",0,"2024-08-31 00:00:00","COGS","","sample_gl_2024__TB_5100_202408__0","5100","5100","Direct Labor",7888,"Monthly COGS entry","3c964ac3-7868-48ca-a197-53cf9629175d","","d8f7ab35-f218-4b14-8188-bf744c42cb6e","gl_import","sample_gl_2024","","2026-05-17 17:45:55","2026-05-17 17:45:56","","","","",7888,0
"sample_gl_2024__TB_5100_202409",0,"2024-09-30 00:00:00","COGS","","sample_gl_2024__TB_5100_202409__0","5100","5100","Direct Labor",8874,"Monthly COGS entry","3c964ac3-7868-48ca-a197-53cf9629175d","","d8f7ab35-f218-4b14-8188-bf744c42cb6e","gl_import","sample_gl_2024","","2026-05-17 17:45:55","2026-05-17 17:45:56","","","","",8874,0
"sample_gl_2024__TB_5100_202410",0,"2024-10-31 00:00:00","COGS","","sample_gl_2024__TB_5100_202410__0","5100","5100","Direct Labor",8874,"Monthly COGS entry","3c964ac3-7868-48ca-a197-53cf9629175d","","d8f7ab35-f218-4b14-8188-bf744c42cb6e","gl_import","sample_gl_2024","","2026-05-17 17:45:55","2026-05-17 17:45:56","","","","",8874,0
"sample_gl_2024__TB_5100_202411",0,"2024-11-30 00:00:00","COGS","","sample_gl_2024__TB_5100_202411__0","5100","5100","Direct Labor",8874,"Monthly COGS entry","3c964ac3-7868-48ca-a197-53cf9629175d","","d8f7ab35-f218-4b14-8188-bf744c42cb6e","gl_import","sample_gl_2024","","2026-05-17 17:45:55","2026-05-17 17:45:56","","","","",8874,0
"sample_gl_2024__TB_5100_202412",0,"2024-12-31 00:00:00","COGS","","sample_gl_2024__TB_5100_202412__0","5100","5100","Direct Labor",10846,"Monthly COGS entry","3c964ac3-7868-48ca-a197-53cf9629175d","","d8f7ab35-f218-4b14-8188-bf744c42cb6e","gl_import","sample_gl_2024","","2026-05-17 17:45:55","2026-05-17 17:45:56","","","","",10846,0
"sample_gl_2024__TB_5200_202401",0,"2024-01-31 00:00:00","COGS","","sample_gl_2024__TB_5200_202401__0","5200","5200","Shipping & Freight - COGS",1288,"Monthly COGS entry","3c964ac3-7868-48ca-a197-53cf9629175d","","d8f7ab35-f218-4b14-8188-bf744c42cb6e","gl_import","sample_gl_2024","","2026-05-17 17:45:55","2026-05-17 17:45:56","","","","",1288,0
"sample_gl_2024__TB_5200_202402",0,"2024-02-29 00:00:00","COGS","","sample_gl_2024__TB_5200_202402__0","5200","5200","Shipping & Freight - COGS",1288,"Monthly COGS entry","3c964ac3-7868-48ca-a197-53cf9629175d","","d8f7ab35-f218-4b14-8188-bf744c42cb6e","gl_import","sample_gl_2024","","2026-05-17 17:45:55","2026-05-17 17:45:56","","","","",1288,0
"sample_gl_2024__TB_5200_202403",0,"2024-03-31 00:00:00","COGS","","sample_gl_2024__TB_5200_202403__0","5200","5200","Shipping & Freight - COGS",1472,"Monthly COGS entry","3c964ac3-7868-48ca-a197-53cf9629175d","","d8f7ab35-f218-4b14-8188-bf744c42cb6e","gl_import","sample_gl_2024","","2026-05-17 17:45:55","2026-05-17 17:45:56","","","","",1472,0
"sample_gl_2024__TB_5200_202404",0,"2024-04-30 00:00:00","COGS","","sample_gl_2024__TB_5200_202404__0","5200","5200","Shipping & Freight - COGS",1472,"Monthly COGS entry","3c964ac3-7868-48ca-a197-53cf9629175d","","d8f7ab35-f218-4b14-8188-bf744c42cb6e","gl_import","sample_gl_2024","","2026-05-17 17:45:55","2026-05-17 17:45:56","","","","",1472,0
"sample_gl_2024__TB_5200_202405",0,"2024-05-31 00:00:00","COGS","","sample_gl_2024__TB_5200_202405__0","5200","5200","Shipping & Freight - COGS",1472,"Monthly COGS entry","3c964ac3-7868-48ca-a197-53cf9629175d","","d8f7ab35-f218-4b14-8188-bf744c42cb6e","gl_import","sample_gl_2024","","2026-05-17 17:45:55","2026-05-17 17:45:56","","","","",1472,0
"sample_gl_2024__TB_5200_202406",0,"2024-06-30 00:00:00","COGS","","sample_gl_2024__TB_5200_202406__0","5200","5200","Shipping & Freight - COGS",1472,"Monthly COGS entry","3c964ac3-7868-48ca-a197-53cf9629175d","","d8f7ab35-f218-4b14-8188-bf744c42cb6e","gl_import","sample_gl_2024","","2026-05-17 17:45:55","2026-05-17 17:45:56","","","","",1472,0
"sample_gl_2024__TB_5200_202407",0,"2024-07-31 00:00:00","COGS","","sample_gl_2024__TB_5200_202407__0","5200","5200","Shipping & Freight - COGS",1472,"Monthly COGS entry","3c964ac3-7868-48ca-a197-53cf9629175d","","d8f7ab35-f218-4b14-8188-bf744c42cb6e","gl_import","sample_gl_2024","","2026-05-17 17:45:55","2026-05-17 17:45:56","","","","",1472,0
"sample_gl_2024__TB_5200_202408",0,"2024-08-31 00:00:00","COGS","","sample_gl_2024__TB_5200_202408__0","5200","5200","Shipping & Freight - COGS",1472,"Monthly COGS entry","3c964ac3-7868-48ca-a197-53cf9629175d","","d8f7ab35-f218-4b14-8188-bf744c42cb6e","gl_import","sample_gl_2024","","2026-05-17 17:45:55","2026-05-17 17:45:56","","","","",1472,0
"sample_gl_2024__TB_5200_202409",0,"2024-09-30 00:00:00","COGS","","sample_gl_2024__TB_5200_202409__0","5200","5200","Shipping & Freight - COGS",1656,"Monthly COGS entry","3c964ac3-7868-48ca-a197-53cf9629175d","","d8f7ab35-f218-4b14-8188-bf744c42cb6e","gl_import","sample_gl_2024","","2026-05-17 17:45:55","2026-05-17 17:45:56","","","","",1656,0
"sample_gl_2024__TB_5200_202410",0,"2024-10-31 00:00:00","COGS","","sample_gl_2024__TB_5200_202410__0","5200","5200","Shipping & Freight - COGS",1656,"Monthly COGS entry","3c964ac3-7868-48ca-a197-53cf9629175d","","d8f7ab35-f218-4b14-8188-bf744c42cb6e","gl_import","sample_gl_2024","","2026-05-17 17:45:55","2026-05-17 17:45:56","","","","",1656,0
"sample_gl_2024__TB_5200_202411",0,"2024-11-30 00:00:00","COGS","","sample_gl_2024__TB_5200_202411__0","5200","5200","Shipping & Freight - COGS",1656,"Monthly COGS entry","3c964ac3-7868-48ca-a197-53cf9629175d","","d8f7ab35-f218-4b14-8188-bf744c42cb6e","gl_import","sample_gl_2024","","2026-05-17 17:45:55","2026-05-17 17:45:56","","","","",1656,0
"sample_gl_2024__TB_5200_202412",0,"2024-12-31 00:00:00","COGS","","sample_gl_2024__TB_5200_202412__0","5200","5200","Shipping & Freight - COGS",2024,"Monthly COGS entry","3c964ac3-7868-48ca-a197-53cf9629175d","","d8f7ab35-f218-4b14-8188-bf744c42cb6e","gl_import","sample_gl_2024","","2026-05-17 17:45:55","2026-05-17 17:45:56","","","","",2024,0
"sample_gl_2024__TXN-0001",1,"2024-01-04 18:30:00","AP","TXN-0001","sample_gl_2024__TXN-0001__0","2000","2000","Accounts Payable",-1240,"Office supplies purchase","3c964ac3-7868-48ca-a197-53cf9629175d","8154a8df-308a-433d-bafa-e0f9c070d66a","d8f7ab35-f218-4b14-8188-bf744c42cb6e","xero","sample_gl_2024","Sample Company 2024","2026-05-17 17:20:37","2026-05-17 17:20:37","Admin","General","Office Depot","",0,1240
"sample_gl_2024__TXN-0001",1,"2024-01-04 18:30:00","EX","TXN-0001","sample_gl_2024__TXN-0001__1","6300","6300","Office Supplies",1240,"Office supplies purchase","3c964ac3-7868-48ca-a197-53cf9629175d","8154a8df-308a-433d-bafa-e0f9c070d66a","d8f7ab35-f218-4b14-8188-bf744c42cb6e","xero","sample_gl_2024","Sample Company 2024","2026-05-17 17:20:37","2026-05-17 17:20:37","Admin","General","Office Depot","",1240,0
"sample_gl_2024__TXN-0002",2,"2024-01-07 18:30:00","AP","TXN-0002","sample_gl_2024__TXN-0002__2","2000","2000","Accounts Payable",-700,"Monthly phone & internet","3c964ac3-7868-48ca-a197-53cf9629175d","8154a8df-308a-433d-bafa-e0f9c070d66a","d8f7ab35-f218-4b14-8188-bf744c42cb6e","xero","sample_gl_2024","Sample Company 2024","2026-05-17 17:20:37","2026-05-17 17:20:37","Admin","General","AT&T","",0,700
"sample_gl_2024__TXN-0002",2,"2024-01-07 18:30:00","EX","TXN-0002","sample_gl_2024__TXN-0002__3","6220","6220","Internet & Phone",700,"Monthly phone & internet","3c964ac3-7868-48ca-a197-53cf9629175d","8154a8df-308a-433d-bafa-e0f9c070d66a","d8f7ab35-f218-4b14-8188-bf744c42cb6e","xero","sample_gl_2024","Sample Company 2024","2026-05-17 17:20:37","2026-05-17 17:20:37","Admin","General","AT&T","",700,0
"sample_gl_2024__TXN-0003",3,"2024-01-09 18:30:00","AP","TXN-0003","sample_gl_2024__TXN-0003__4","2000","2000","Accounts Payable",-3200,"Office equipment","3c964ac3-7868-48ca-a197-53cf9629175d","8154a8df-308a-433d-bafa-e0f9c070d66a","d8f7ab35-f218-4b14-8188-bf744c42cb6e","xero","sample_gl_2024","Sample Company 2024","2026-05-17 17:20:37","2026-05-17 17:20:37","Admin","General","Amazon Business","",0,3200
"sample_gl_2024__TXN-0003",3,"2024-01-09 18:30:00","EX","TXN-0003","sample_gl_2024__TXN-0003__5","1410","1410","Computer Equipment",3200,"Office equipment","3c964ac3-7868-48ca-a197-53cf9629175d","8154a8df-308a-433d-bafa-e0f9c070d66a","d8f7ab35-f218-4b14-8188-bf744c42cb6e","xero","sample_gl_2024","Sample Company 2024","2026-05-17 17:20:37","2026-05-17 17:20:37","Admin","General","Amazon Business","",3200,0
"sample_gl_2024__TXN-0004",4,"2024-01-11 18:30:00","AP","TXN-0004","sample_gl_2024__TXN-0004__6","2000","2000","Accounts Payable",-480,"Shipping charges","3c964ac3-7868-48ca-a197-53cf9629175d","8154a8df-308a-433d-bafa-e0f9c070d66a","d8f7ab35-f218-4b14-8188-bf744c42cb6e","xero","sample_gl_2024","Sample Company 2024","2026-05-17 17:20:37","2026-05-17 17:20:37","Operations","Product","FedEx","",0,480
"sample_gl_2024__TXN-0004",4,"2024-01-11 18:30:00","EX","TXN-0004","sample_gl_2024__TXN-0004__7","6310","6310","Postage & Delivery",480,"Shipping charges","3c964ac3-7868-48ca-a197-53cf9629175d","8154a8df-308a-433d-bafa-e0f9c070d66a","d8f7ab35-f218-4b14-8188-bf744c42cb6e","xero","sample_gl_2024","Sample Company 2024","2026-05-17 17:20:37","2026-05-17 17:20:37","Operations","Product","FedEx","",480,0
"sample_gl_2024__TXN-0005",5,"2024-01-14 18:30:00","PR","TXN-0005","sample_gl_2024__TXN-0005__10","2100","2100","Accrued Payroll",-23383,"January payroll","3c964ac3-7868-48ca-a197-53cf9629175d","8154a8df-308a-433d-bafa-e0f9c070d66a","d8f7ab35-f218-4b14-8188-bf744c42cb6e","xero","sample_gl_2024","Sample Company 2024","2026-05-17 17:20:37","2026-05-17 17:20:37","Admin","General","Payroll","",0,23383
"sample_gl_2024__TXN-0005",5,"2024-01-14 18:30:00","PR","TXN-0005","sample_gl_2024__TXN-0005__8","6000","6000","Salaries & Wages - Admin",15350,"January payroll - admin","3c964ac3-7868-48ca-a197-53cf9629175d","8154a8df-308a-433d-bafa-e0f9c070d66a","d8f7ab35-f218-4b14-8188-bf744c42cb6e","xero","sample_gl_2024","Sample Company 2024","2026-05-17 17:20:37","2026-05-17 17:20:37","Admin","General","Payroll","",15350,0
"sample_gl_2024__TXN-0005",5,"2024-01-14 18:30:00","PR","TXN-0005","sample_gl_2024__TXN-0005__9","6010","6010","Salaries & Wages - Sales",8033,"January payroll - sales","3c964ac3-7868-48ca-a197-53cf9629175d","8154a8df-308a-433d-bafa-e0f9c070d66a","d8f7ab35-f218-4b14-8188-bf744c42cb6e","xero","sample_gl_2024","Sample Company 2024","2026-05-17 17:20:37","2026-05-17 17:20:37","Sales","General","Payroll","",8033,0
"sample_gl_2024__TXN-0006",6,"2024-01-17 18:30:00","AP","TXN-0006","sample_gl_2024__TXN-0006__11","2000","2000","Accounts Payable",-6000,"Monthly rent","3c964ac3-7868-48ca-a197-53cf9629175d","8154a8df-308a-433d-bafa-e0f9c070d66a","d8f7ab35-f218-4b14-8188-bf744c42cb6e","xero","sample_gl_2024","Sample Company 2024","2026-05-17 17:20:37","2026-05-17 17:20:37","Admin","General","WeWork","",0,6000
"sample_gl_2024__TXN-0006",6,"2024-01-17 18:30:00","EX","TXN-0006","sample_gl_2024__TXN-0006__12","6200","6200","Rent Expense",6000,"Monthly rent","3c964ac3-7868-48ca-a197-53cf9629175d","8154a8df-308a-433d-bafa-e0f9c070d66a","d8f7ab35-f218-4b14-8188-bf744c42cb6e","xero","sample_gl_2024","Sample Company 2024","2026-05-17 17:20:37","2026-05-17 17:20:37","Admin","General","WeWork","",6000,0
"sample_gl_2024__TXN-0007",7,"2024-01-19 18:30:00","AP","TXN-0007","sample_gl_2024__TXN-0007__13","2000","2000","Accounts Payable",-3800,"Digital advertising","3c964ac3-7868-48ca-a197-53cf9629175d","8154a8df-308a-433d-bafa-e0f9c070d66a","d8f7ab35-f218-4b14-8188-bf744c42cb6e","xero","sample_gl_2024","Sample Company 2024","2026-05-17 17:20:37","2026-05-17 17:20:37","Sales","Marketing","Google Ads","",0,3800
"sample_gl_2024__TXN-0007",7,"2024-01-19 18:30:00","EX","TXN-0007","sample_gl_2024__TXN-0007__14","6400","6400","Advertising & Marketing",3800,"Digital advertising","3c964ac3-7868-48ca-a197-53cf9629175d","8154a8df-308a-433d-bafa-e0f9c070d66a","d8f7ab35-f218-4b14-8188-bf744c42cb6e","xero","sample_gl_2024","Sample Company 2024","2026-05-17 17:20:37","2026-05-17 17:20:37","Sales","Marketing","Google Ads","",3800,0
"sample_gl_2024__TXN-0008",8,"2024-01-21 18:30:00","AP","TXN-0008","sample_gl_2024__TXN-0008__15","2000","2000","Accounts Payable",-18400,"Inventory purchase","3c964ac3-7868-48ca-a197-53cf9629175d","8154a8df-308a-433d-bafa-e0f9c070d66a","d8f7ab35-f218-4b14-8188-bf744c42cb6e","xero","sample_gl_2024","Sample Company 2024","2026-05-17 17:20:37","2026-05-17 17:20:37","Operations","Product","Grainger Industrial","",0,18400
"sample_gl_2024__TXN-0008",8,"2024-01-21 18:30:00","AS","TXN-0008","sample_gl_2024__TXN-0008__16","1200","1200","Inventory",18400,"Inventory purchase","3c964ac3-7868-48ca-a197-53cf9629175d","8154a8df-308a-433d-bafa-e0f9c070d66a","d8f7ab35-f218-4b14-8188-bf744c42cb6e","xero","sample_gl_2024","Sample Company 2024","2026-05-17 17:20:37","2026-05-17 17:20:37","Operations","Product","Grainger Industrial","",18400,0
"sample_gl_2024__TXN-0009",9,"2024-01-24 18:30:00","AP","TXN-0009","sample_gl_2024__TXN-0009__17","2000","2000","Accounts Payable",-280,"Payroll processing fee","3c964ac3-7868-48ca-a197-53cf9629175d","8154a8df-308a-433d-bafa-e0f9c070d66a","d8f7ab35-f218-4b14-8188-bf744c42cb6e","xero","sample_gl_2024","Sample Company 2024","2026-05-17 17:20:37","2026-05-17 17:20:37","Admin","General","ADP Payroll Services","",0,280
"sample_gl_2024__TXN-0009",9,"2024-01-24 18:30:00","EX","TXN-0009","sample_gl_2024__TXN-0009__18","6510","6510","Professional Fees",280,"Payroll processing fee","3c964ac3-7868-48ca-a197-53cf9629175d","8154a8df-308a-433d-bafa-e0f9c070d66a","d8f7ab35-f218-4b14-8188-bf744c42cb6e","xero","sample_gl_2024","Sample Company 2024","2026-05-17 17:20:37","2026-05-17 17:20:37","Admin","General","ADP Payroll Services","",280,0
"sample_gl_2024__TXN-0010",10,"2024-01-27 18:30:00","AP","TXN-0010","sample_gl_2024__TXN-0010__19","2000","2000","Accounts Payable",-5600,"Quarterly insurance premium","3c964ac3-7868-48ca-a197-53cf9629175d","8154a8df-308a-433d-bafa-e0f9c070d66a","d8f7ab35-f218-4b14-8188-bf744c42cb6e","xero","sample_gl_2024","Sample Company 2024","2026-05-17 17:20:37","2026-05-17 17:20:37","Admin","General","Travelers Insurance","",0,5600
"sample_gl_2024__TXN-0010",10,"2024-01-27 18:30:00","EX","TXN-0010","sample_gl_2024__TXN-0010__20","6500","6500","Insurance",5600,"Quarterly insurance premium","3c964ac3-7868-48ca-a197-53cf9629175d","8154a8df-308a-433d-bafa-e0f9c070d66a","d8f7ab35-f218-4b14-8188-bf744c42cb6e","xero","sample_gl_2024","Sample Company 2024","2026-05-17 17:20:37","2026-05-17 17:20:37","Admin","General","Travelers Insurance","",5600,0
"sample_gl_2024__TXN-0011",11,"2024-01-29 18:30:00","AP","TXN-0011","sample_gl_2024__TXN-0011__21","2000","2000","Accounts Payable",-640,"Office supplies","3c964ac3-7868-48ca-a197-53cf9629175d","8154a8df-308a-433d-bafa-e0f9c070d66a","d8f7ab35-f218-4b14-8188-bf744c42cb6e","xero","sample_gl_2024","Sample Company 2024","2026-05-17 17:20:37","2026-05-17 17:20:37","Admin","General","Staples","",0,640
"sample_gl_2024__TXN-0011",11,"2024-01-29 18:30:00","EX","TXN-0011","sample_gl_2024__TXN-0011__22","6300","6300","Office Supplies",640,"Office supplies","3c964ac3-7868-48ca-a197-53cf9629175d","8154a8df-308a-433d-bafa-e0f9c070d66a","d8f7ab35-f218-4b14-8188-bf744c42cb6e","xero","sample_gl_2024","Sample Company 2024","2026-05-17 17:20:37","2026-05-17 17:20:37","Admin","General","Staples","",640,0
"sample_gl_2024__TXN-0012",12,"2024-02-01 18:30:00","AP","TXN-0012","sample_gl_2024__TXN-0012__23","2000","2000","Accounts Payable",-520,"Shipping charges","3c964ac3-7868-48ca-a197-53cf9629175d","8154a8df-308a-433d-bafa-e0f9c070d66a","d8f7ab35-f218-4b14-8188-bf744c42cb6e","xero","sample_gl_2024","Sample Company 2024","2026-05-17 17:20:37","2026-05-17 17:20:37","Operations","Product","UPS","",0,520
"sample_gl_2024__TXN-0012",12,"2024-02-01 18:30:00","EX","TXN-0012","sample_gl_2024__TXN-0012__24","6310","6310","Postage & Delivery",520,"Shipping charges","3c964ac3-7868-48ca-a197-53cf9629175d","8154a8df-308a-433d-bafa-e0f9c070d66a","d8f7ab35-f218-4b14-8188-bf744c42cb6e","xero","sample_gl_2024","Sample Company 2024","2026-05-17 17:20:37","2026-05-17 17:20:37","Operations","Product","UPS","",520,0
"sample_gl_2024__TXN-0013",13,"2024-02-04 18:30:00","AP","TXN-0013","sample_gl_2024__TXN-0013__25","2000","2000","Accounts Payable",-840,"Software subscription","3c964ac3-7868-48ca-a197-53cf9629175d","8154a8df-308a-433d-bafa-e0f9c070d66a","d8f7ab35-f218-4b14-8188-bf744c42cb6e","xero","sample_gl_2024","Sample Company 2024","2026-05-17 17:20:37","2026-05-17 17:20:37","Admin","General","Microsoft 365","",0,840
"sample_gl_2024__TXN-0013",13,"2024-02-04 18:30:00","EX","TXN-0013","sample_gl_2024__TXN-0013__26","6410","6410","Website & Software",840,"Software subscription","3c964ac3-7868-48ca-a197-53cf9629175d","8154a8df-308a-433d-bafa-e0f9c070d66a","d8f7ab35-f218-4b14-8188-bf744c42cb6e","xero","sample_gl_2024","Sample Company 2024","2026-05-17 17:20:37","2026-05-17 17:20:37","Admin","General","Microsoft 365","",840,0
"sample_gl_2024__TXN-0014",14,"2024-02-07 18:30:00","AP","TXN-0014","sample_gl_2024__TXN-0014__27","2000","2000","Accounts Payable",-1200,"CRM subscription","3c964ac3-7868-48ca-a197-53cf9629175d","8154a8df-308a-433d-bafa-e0f9c070d66a","d8f7ab35-f218-4b14-8188-bf744c42cb6e","xero","sample_gl_2024","Sample Company 2024","2026-05-17 17:20:37","2026-05-17 17:20:37","Sales","Marketing","Salesforce","",0,1200
"sample_gl_2024__TXN-0014",14,"2024-02-07 18:30:00","EX","TXN-0014","sample_gl_2024__TXN-0014__28","6410","6410","Website & Software",1200,"CRM subscription","3c964ac3-7868-48ca-a197-53cf9629175d","8154a8df-308a-433d-bafa-e0f9c070d66a","d8f7ab35-f218-4b14-8188-bf744c42cb6e","xero","sample_gl_2024","Sample Company 2024","2026-05-17 17:20:37","2026-05-17 17:20:37","Sales","Marketing","Salesforce","",1200,0
"sample_gl_2024__TXN-0015",15,"2024-02-09 18:30:00","AP","TXN-0015","sample_gl_2024__TXN-0015__29","2000","2000","Accounts Payable",-22600,"Inventory purchase","3c964ac3-7868-48ca-a197-53cf9629175d","8154a8df-308a-433d-bafa-e0f9c070d66a","d8f7ab35-f218-4b14-8188-bf744c42cb6e","xero","sample_gl_2024","Sample Company 2024","2026-05-17 17:20:37","2026-05-17 17:20:37","Operations","Product","W.W. Grainger","",0,22600
"sample_gl_2024__TXN-0015",15,"2024-02-09 18:30:00","AS","TXN-0015","sample_gl_2024__TXN-0015__30","1200","1200","Inventory",22600,"Inventory purchase","3c964ac3-7868-48ca-a197-53cf9629175d","8154a8df-308a-433d-bafa-e0f9c070d66a","d8f7ab35-f218-4b14-8188-bf744c42cb6e","xero","sample_gl_2024","Sample Company 2024","2026-05-17 17:20:37","2026-05-17 17:20:37","Operations","Product","W.W. Grainger","",22600,0
"sample_gl_2024__TXN-0016",16,"2024-02-11 18:30:00","AP","TXN-0016","sample_gl_2024__TXN-0016__31","2000","2000","Accounts Payable",-700,"Monthly phone & internet","3c964ac3-7868-48ca-a197-53cf9629175d","8154a8df-308a-433d-bafa-e0f9c070d66a","d8f7ab35-f218-4b14-8188-bf744c42cb6e","xero","sample_gl_2024","Sample Company 2024","2026-05-17 17:20:37","2026-05-17 17:20:37","Admin","General","AT&T","",0,700
"sample_gl_2024__TXN-0016",16,"2024-02-11 18:30:00","EX","TXN-0016","sample_gl_2024__TXN-0016__32","6220","6220","Internet & Phone",700,"Monthly phone & internet","3c964ac3-7868-48ca-a197-53cf9629175d","8154a8df-308a-433d-bafa-e0f9c070d66a","d8f7ab35-f218-4b14-8188-bf744c42cb6e","xero","sample_gl_2024","Sample Company 2024","2026-05-17 17:20:37","2026-05-17 17:20:37","Admin","General","AT&T","",700,0
"sample_gl_2024__TXN-0017",17,"2024-02-14 18:30:00","PR","TXN-0017","sample_gl_2024__TXN-0017__33","6000","6000","Salaries & Wages - Admin",15350,"February payroll - admin","3c964ac3-7868-48ca-a197-53cf9629175d","8154a8df-308a-433d-bafa-e0f9c070d66a","d8f7ab35-f218-4b14-8188-bf744c42cb6e","xero","sample_gl_2024","Sample Company 2024","2026-05-17 17:20:37","2026-05-17 17:20:37","Admin","General","Payroll","",15350,0
"sample_gl_2024__TXN-0017",17,"2024-02-14 18:30:00","PR","TXN-0017","sample_gl_2024__TXN-0017__34","6010","6010","Salaries & Wages - Sales",8033,"February payroll - sales","3c964ac3-7868-48ca-a197-53cf9629175d","8154a8df-308a-433d-bafa-e0f9c070d66a","d8f7ab35-f218-4b14-8188-bf744c42cb6e","xero","sample_gl_2024","Sample Company 2024","2026-05-17 17:20:37","2026-05-17 17:20:37","Sales","General","Payroll","",8033,0
"sample_gl_2024__TXN-0017",17,"2024-02-14 18:30:00","PR","TXN-0017","sample_gl_2024__TXN-0017__35","2100","2100","Accrued Payroll",-23383,"February payroll","3c964ac3-7868-48ca-a197-53cf9629175d","8154a8df-308a-433d-bafa-e0f9c070d66a","d8f7ab35-f218-4b14-8188-bf744c42cb6e","xero","sample_gl_2024","Sample Company 2024","2026-05-17 17:20:37","2026-05-17 17:20:37","Admin","General","Payroll","",0,23383
"sample_gl_2024__TXN-0018",18,"2024-02-17 18:30:00","AP","TXN-0018","sample_gl_2024__TXN-0018__36","2000","2000","Accounts Payable",-6000,"Monthly rent","3c964ac3-7868-48ca-a197-53cf9629175d","8154a8df-308a-433d-bafa-e0f9c070d66a","d8f7ab35-f218-4b14-8188-bf744c42cb6e","xero","sample_gl_2024","Sample Company 2024","2026-05-17 17:20:37","2026-05-17 17:20:37","Admin","General","WeWork","",0,6000
"sample_gl_2024__TXN-0018",18,"2024-02-17 18:30:00","EX","TXN-0018","sample_gl_2024__TXN-0018__37","6200","6200","Rent Expense",6000,"Monthly rent","3c964ac3-7868-48ca-a197-53cf9629175d","8154a8df-308a-433d-bafa-e0f9c070d66a","d8f7ab35-f218-4b14-8188-bf744c42cb6e","xero","sample_gl_2024","Sample Company 2024","2026-05-17 17:20:37","2026-05-17 17:20:37","Admin","General","WeWork","",6000,0
"sample_gl_2024__TXN-0019",19,"2024-02-19 18:30:00","AP","TXN-0019","sample_gl_2024__TXN-0019__38","2000","2000","Accounts Payable",-2800,"Social media advertising","3c964ac3-7868-48ca-a197-53cf9629175d","8154a8df-308a-433d-bafa-e0f9c070d66a","d8f7ab35-f218-4b14-8188-bf744c42cb6e","xero","sample_gl_2024","Sample Company 2024","2026-05-17 17:20:37","2026-05-17 17:20:37","Sales","Marketing","Meta Ads","",0,2800
"sample_gl_2024__TXN-0019",19,"2024-02-19 18:30:00","EX","TXN-0019","sample_gl_2024__TXN-0019__39","6400","6400","Advertising & Marketing",2800,"Social media advertising","3c964ac3-7868-48ca-a197-53cf9629175d","8154a8df-308a-433d-bafa-e0f9c070d66a","d8f7ab35-f218-4b14-8188-bf744c42cb6e","xero","sample_gl_2024","Sample Company 2024","2026-05-17 17:20:37","2026-05-17 17:20:37","Sales","Marketing","Meta Ads","",2800,0
"sample_gl_2024__TXN-0020",20,"2024-02-21 18:30:00","AP","TXN-0020","sample_gl_2024__TXN-0020__40","2000","2000","Accounts Payable",-8500,"Consulting services","3c964ac3-7868-48ca-a197-53cf9629175d","8154a8df-308a-433d-bafa-e0f9c070d66a","d8f7ab35-f218-4b14-8188-bf744c42cb6e","xero","sample_gl_2024","Sample Company 2024","2026-05-17 17:20:37","2026-05-17 17:20:37","Admin","General","Deloitte","",0,8500
"sample_gl_2024__TXN-0020",20,"2024-02-21 18:30:00","EX","TXN-0020","sample_gl_2024__TXN-0020__41","6520","6520","Accounting & Legal",8500,"Consulting services","3c964ac3-7868-48ca-a197-53cf9629175d","8154a8df-308a-433d-bafa-e0f9c070d66a","d8f7ab35-f218-4b14-8188-bf744c42cb6e","xero","sample_gl_2024","Sample Company 2024","2026-05-17 17:20:37","2026-05-17 17:20:37","Admin","General","Deloitte","",8500,0
"sample_gl_2024__TXN-0021",21,"2024-02-24 18:30:00","AP","TXN-0021","sample_gl_2024__TXN-0021__42","2000","2000","Accounts Payable",-1240,"Utilities","3c964ac3-7868-48ca-a197-53cf9629175d","8154a8df-308a-433d-bafa-e0f9c070d66a","d8f7ab35-f218-4b14-8188-bf744c42cb6e","xero","sample_gl_2024","Sample Company 2024","2026-05-17 17:20:37","2026-05-17 17:20:37","Admin","General","ComEd","",0,1240
"sample_gl_2024__TXN-0021",21,"2024-02-24 18:30:00","EX","TXN-0021","sample_gl_2024__TXN-0021__43","6210","6210","Utilities",1240,"Utilities","3c964ac3-7868-48ca-a197-53cf9629175d","8154a8df-308a-433d-bafa-e0f9c070d66a","d8f7ab35-f218-4b14-8188-bf744c42cb6e","xero","sample_gl_2024","Sample Company 2024","2026-05-17 17:20:37","2026-05-17 17:20:37","Admin","General","ComEd","",1240,0
"sample_gl_2024__TXN-0022",22,"2024-02-27 18:30:00","AP","TXN-0022","sample_gl_2024__TXN-0022__44","2000","2000","Accounts Payable",-31200,"Inventory purchase","3c964ac3-7868-48ca-a197-53cf9629175d","8154a8df-308a-433d-bafa-e0f9c070d66a","d8f7ab35-f218-4b14-8188-bf744c42cb6e","xero","sample_gl_2024","Sample Company 2024","2026-05-17 17:20:37","2026-05-17 17:20:37","Operations","Product","Amazon Business","",0,31200
"sample_gl_2024__TXN-0022",22,"2024-02-27 18:30:00","AS","TXN-0022","sample_gl_2024__TXN-0022__45","1200","1200","Inventory",31200,"Inventory purchase","3c964ac3-7868-48ca-a197-53cf9629175d","8154a8df-308a-433d-bafa-e0f9c070d66a","d8f7ab35-f218-4b14-8188-bf744c42cb6e","xero","sample_gl_2024","Sample Company 2024","2026-05-17 17:20:37","2026-05-17 17:20:37","Operations","Product","Amazon Business","",31200,0
"sample_gl_2024__TXN-0023",23,"2024-03-03 18:30:00","AP","TXN-0023","sample_gl_2024__TXN-0023__46","2000","2000","Accounts Payable",-610,"Shipping charges","3c964ac3-7868-48ca-a197-53cf9629175d","8154a8df-308a-433d-bafa-e0f9c070d66a","d8f7ab35-f218-4b14-8188-bf744c42cb6e","xero","sample_gl_2024","Sample Company 2024","2026-05-17 17:20:37","2026-05-17 17:20:37","Operations","Product","FedEx","",0,610
"sample_gl_2024__TXN-0023",23,"2024-03-03 18:30:00","EX","TXN-0023","sample_gl_2024__TXN-0023__47","6310","6310","Postage & Delivery",610,"Shipping charges","3c964ac3-7868-48ca-a197-53cf9629175d","8154a8df-308a-433d-bafa-e0f9c070d66a","d8f7ab35-f218-4b14-8188-bf744c42cb6e","xero","sample_gl_2024","Sample Company 2024","2026-05-17 17:20:37","2026-05-17 17:20:37","Operations","Product","FedEx","",610,0
"sample_gl_2024__TXN-0024",24,"2024-03-05 18:30:00","AP","TXN-0024","sample_gl_2024__TXN-0024__48","2000","2000","Accounts Payable",-4200,"Digital advertising","3c964ac3-7868-48ca-a197-53cf9629175d","8154a8df-308a-433d-bafa-e0f9c070d66a","d8f7ab35-f218-4b14-8188-bf744c42cb6e","xero","sample_gl_2024","Sample Company 2024","2026-05-17 17:20:37","2026-05-17 17:20:37","Sales","Marketing","Google Ads","",0,4200
"sample_gl_2024__TXN-0024",24,"2024-03-05 18:30:00","EX","TXN-0024","sample_gl_2024__TXN-0024__49","6400","6400","Advertising & Marketing",4200,"Digital advertising","3c964ac3-7868-48ca-a197-53cf9629175d","8154a8df-308a-433d-bafa-e0f9c070d66a","d8f7ab35-f218-4b14-8188-bf744c42cb6e","xero","sample_gl_2024","Sample Company 2024","2026-05-17 17:20:37","2026-05-17 17:20:37","Sales","Marketing","Google Ads","",4200,0
"sample_gl_2024__TXN-0025",25,"2024-03-09 18:30:00","AP","TXN-0025","sample_gl_2024__TXN-0025__50","2000","2000","Accounts Payable",-28400,"Inventory purchase","3c964ac3-7868-48ca-a197-53cf9629175d","8154a8df-308a-433d-bafa-e0f9c070d66a","d8f7ab35-f218-4b14-8188-bf744c42cb6e","xero","sample_gl_2024","Sample Company 2024","2026-05-17 17:20:37","2026-05-17 17:20:37","Operations","Product","Grainger Industrial","",0,28400
"sample_gl_2024__TXN-0025",25,"2024-03-09 18:30:00","AS","TXN-0025","sample_gl_2024__TXN-0025__51","1200","1200","Inventory",28400,"Inventory purchase","3c964ac3-7868-48ca-a197-53cf9629175d","8154a8df-308a-433d-bafa-e0f9c070d66a","d8f7ab35-f218-4b14-8188-bf744c42cb6e","xero","sample_gl_2024","Sample Company 2024","2026-05-17 17:20:37","2026-05-17 17:20:37","Operations","Product","Grainger Industrial","",28400,0
"sample_gl_2024__TXN-0026",26,"2024-03-11 18:30:00","AP","TXN-0026","sample_gl_2024__TXN-0026__52","2000","2000","Accounts Payable",-700,"Monthly phone & internet","3c964ac3-7868-48ca-a197-53cf9629175d","8154a8df-308a-433d-bafa-e0f9c070d66a","d8f7ab35-f218-4b14-8188-bf744c42cb6e","xero","sample_gl_2024","Sample Company 2024","2026-05-17 17:20:37","2026-05-17 17:20:37","Admin","General","AT&T","",0,700
"sample_gl_2024__TXN-0026",26,"2024-03-11 18:30:00","EX","TXN-0026","sample_gl_2024__TXN-0026__53","6220","6220","Internet & Phone",700,"Monthly phone & internet","3c964ac3-7868-48ca-a197-53cf9629175d","8154a8df-308a-433d-bafa-e0f9c070d66a","d8f7ab35-f218-4b14-8188-bf744c42cb6e","xero","sample_gl_2024","Sample Company 2024","2026-05-17 17:20:37","2026-05-17 17:20:37","Admin","General","AT&T","",700,0
"sample_gl_2024__TXN-0027",27,"2024-03-14 18:30:00","PR","TXN-0027","sample_gl_2024__TXN-0027__54","6000","6000","Salaries & Wages - Admin",15350,"March payroll - admin","3c964ac3-7868-48ca-a197-53cf9629175d","8154a8df-308a-433d-bafa-e0f9c070d66a","d8f7ab35-f218-4b14-8188-bf744c42cb6e","xero","sample_gl_2024","Sample Company 2024","2026-05-17 17:20:37","2026-05-17 17:20:37","Admin","General","Payroll","",15350,0
"sample_gl_2024__TXN-0027",27,"2024-03-14 18:30:00","PR","TXN-0027","sample_gl_2024__TXN-0027__55","6010","6010","Salaries & Wages - Sales",8033,"March payroll - sales","3c964ac3-7868-48ca-a197-53cf9629175d","8154a8df-308a-433d-bafa-e0f9c070d66a","d8f7ab35-f218-4b14-8188-bf744c42cb6e","xero","sample_gl_2024","Sample Company 2024","2026-05-17 17:20:37","2026-05-17 17:20:37","Sales","General","Payroll","",8033,0
"sample_gl_2024__TXN-0027",27,"2024-03-14 18:30:00","PR","TXN-0027","sample_gl_2024__TXN-0027__56","2100","2100","Accrued Payroll",-23383,"March payroll","3c964ac3-7868-48ca-a197-53cf9629175d","8154a8df-308a-433d-bafa-e0f9c070d66a","d8f7ab35-f218-4b14-8188-bf744c42cb6e","xero","sample_gl_2024","Sample Company 2024","2026-05-17 17:20:37","2026-05-17 17:20:37","Admin","General","Payroll","",0,23383
"sample_gl_2024__TXN-0028",28,"2024-03-17 18:30:00","AP","TXN-0028","sample_gl_2024__TXN-0028__57","2000","2000","Accounts Payable",-6000,"Monthly rent","3c964ac3-7868-48ca-a197-53cf9629175d","8154a8df-308a-433d-bafa-e0f9c070d66a","d8f7ab35-f218-4b14-8188-bf744c42cb6e","xero","sample_gl_2024","Sample Company 2024","2026-05-17 17:20:37","2026-05-17 17:20:37","Admin","General","WeWork","",0,6000
"sample_gl_2024__TXN-0028",28,"2024-03-17 18:30:00","EX","TXN-0028","sample_gl_2024__TXN-0028__58","6200","6200","Rent Expense",6000,"Monthly rent","3c964ac3-7868-48ca-a197-53cf9629175d","8154a8df-308a-433d-bafa-e0f9c070d66a","d8f7ab35-f218-4b14-8188-bf744c42cb6e","xero","sample_gl_2024","Sample Company 2024","2026-05-17 17:20:37","2026-05-17 17:20:37","Admin","General","WeWork","",6000,0
"sample_gl_2024__TXN-0029",29,"2024-03-19 18:30:00","AP","TXN-0029","sample_gl_2024__TXN-0029__59","2000","2000","Accounts Payable",-1800,"Professional networking ads","3c964ac3-7868-48ca-a197-53cf9629175d","8154a8df-308a-433d-bafa-e0f9c070d66a","d8f7ab35-f218-4b14-8188-bf744c42cb6e","xero","sample_gl_2024","Sample Company 2024","2026-05-17 17:20:37","2026-05-17 17:20:37","Sales","Marketing","LinkedIn Ads","",0,1800
"sample_gl_2024__TXN-0029",29,"2024-03-19 18:30:00","EX","TXN-0029","sample_gl_2024__TXN-0029__60","6400","6400","Advertising & Marketing",1800,"Professional networking ads","3c964ac3-7868-48ca-a197-53cf9629175d","8154a8df-308a-433d-bafa-e0f9c070d66a","d8f7ab35-f218-4b14-8188-bf744c42cb6e","xero","sample_gl_2024","Sample Company 2024","2026-05-17 17:20:37","2026-05-17 17:20:37","Sales","Marketing","LinkedIn Ads","",1800,0
"sample_gl_2024__TXN-0030",30,"2024-03-21 18:30:00","AP","TXN-0030","sample_gl_2024__TXN-0030__61","2000","2000","Accounts Payable",-4200,"Legal fees","3c964ac3-7868-48ca-a197-53cf9629175d","8154a8df-308a-433d-bafa-e0f9c070d66a","d8f7ab35-f218-4b14-8188-bf744c42cb6e","xero","sample_gl_2024","Sample Company 2024","2026-05-17 17:20:37","2026-05-17 17:20:37","Admin","General","Baker McKenzie","",0,4200
"sample_gl_2024__TXN-0030",30,"2024-03-21 18:30:00","EX","TXN-0030","sample_gl_2024__TXN-0030__62","6520","6520","Accounting & Legal",4200,"Legal fees","3c964ac3-7868-48ca-a197-53cf9629175d","8154a8df-308a-433d-bafa-e0f9c070d66a","d8f7ab35-f218-4b14-8188-bf744c42cb6e","xero","sample_gl_2024","Sample Company 2024","2026-05-17 17:20:37","2026-05-17 17:20:37","Admin","General","Baker McKenzie","",4200,0
"sample_gl_2024__TXN-0031",31,"2024-03-24 18:30:00","AP","TXN-0031","sample_gl_2024__TXN-0031__63","2000","2000","Accounts Payable",-1180,"Utilities","3c964ac3-7868-48ca-a197-53cf9629175d","8154a8df-308a-433d-bafa-e0f9c070d66a","d8f7ab35-f218-4b14-8188-bf744c42cb6e","xero","sample_gl_2024","Sample Company 2024","2026-05-17 17:20:37","2026-05-17 17:20:37","Admin","General","ComEd","",0,1180
"sample_gl_2024__TXN-0031",31,"2024-03-24 18:30:00","EX","TXN-0031","sample_gl_2024__TXN-0031__64","6210","6210","Utilities",1180,"Utilities","3c964ac3-7868-48ca-a197-53cf9629175d","8154a8df-308a-433d-bafa-e0f9c070d66a","d8f7ab35-f218-4b14-8188-bf744c42cb6e","xero","sample_gl_2024","Sample Company 2024","2026-05-17 17:20:37","2026-05-17 17:20:37","Admin","General","ComEd","",1180,0
"sample_gl_2024__TXN-0032",32,"2024-03-27 18:30:00","AP","TXN-0032","sample_gl_2024__TXN-0032__65","2000","2000","Accounts Payable",-480,"Office supplies","3c964ac3-7868-48ca-a197-53cf9629175d","8154a8df-308a-433d-bafa-e0f9c070d66a","d8f7ab35-f218-4b14-8188-bf744c42cb6e","xero","sample_gl_2024","Sample Company 2024","2026-05-17 17:20:37","2026-05-17 17:20:37","Admin","General","Office Depot","",0,480
"sample_gl_2024__TXN-0032",32,"2024-03-27 18:30:00","EX","TXN-0032","sample_gl_2024__TXN-0032__66","6300","6300","Office Supplies",480,"Office supplies","3c964ac3-7868-48ca-a197-53cf9629175d","8154a8df-308a-433d-bafa-e0f9c070d66a","d8f7ab35-f218-4b14-8188-bf744c42cb6e","xero","sample_gl_2024","Sample Company 2024","2026-05-17 17:20:37","2026-05-17 17:20:37","Admin","General","Office Depot","",480,0
"sample_gl_2024__TXN-0033",33,"2024-03-29 18:30:00","AP","TXN-0033","sample_gl_2024__TXN-0033__67","2000","2000","Accounts Payable",-5600,"Q2 insurance premium","3c964ac3-7868-48ca-a197-53cf9629175d","8154a8df-308a-433d-bafa-e0f9c070d66a","d8f7ab35-f218-4b14-8188-bf744c42cb6e","xero","sample_gl_2024","Sample Company 2024","2026-05-17 17:20:37","2026-05-17 17:20:37","Admin","General","Travelers Insurance","",0,5600
"sample_gl_2024__TXN-0033",33,"2024-03-29 18:30:00","EX","TXN-0033","sample_gl_2024__TXN-0033__68","6500","6500","Insurance",5600,"Q2 insurance premium","3c964ac3-7868-48ca-a197-53cf9629175d","8154a8df-308a-433d-bafa-e0f9c070d66a","d8f7ab35-f218-4b14-8188-bf744c42cb6e","xero","sample_gl_2024","Sample Company 2024","2026-05-17 17:20:37","2026-05-17 17:20:37","Admin","General","Travelers Insurance","",5600,0
"sample_gl_2024__TXN-0034",34,"2024-04-01 18:30:00","AP","TXN-0034","sample_gl_2024__TXN-0034__69","2000","2000","Accounts Payable",-580,"Shipping charges","3c964ac3-7868-48ca-a197-53cf9629175d","8154a8df-308a-433d-bafa-e0f9c070d66a","d8f7ab35-f218-4b14-8188-bf744c42cb6e","xero","sample_gl_2024","Sample Company 2024","2026-05-17 17:20:37","2026-05-17 17:20:37","Operations","Product","UPS","",0,580
"sample_gl_2024__TXN-0034",34,"2024-04-01 18:30:00","EX","TXN-0034","sample_gl_2024__TXN-0034__70","6310","6310","Postage & Delivery",580,"Shipping charges","3c964ac3-7868-48ca-a197-53cf9629175d","8154a8df-308a-433d-bafa-e0f9c070d66a","d8f7ab35-f218-4b14-8188-bf744c42cb6e","xero","sample_gl_2024","Sample Company 2024","2026-05-17 17:20:37","2026-05-17 17:20:37","Operations","Product","UPS","",580,0
"sample_gl_2024__TXN-0035",35,"2024-04-04 18:30:00","AP","TXN-0035","sample_gl_2024__TXN-0035__71","2000","2000","Accounts Payable",-34800,"Inventory purchase","3c964ac3-7868-48ca-a197-53cf9629175d","8154a8df-308a-433d-bafa-e0f9c070d66a","d8f7ab35-f218-4b14-8188-bf744c42cb6e","xero","sample_gl_2024","Sample Company 2024","2026-05-17 17:20:37","2026-05-17 17:20:37","Operations","Product","W.W. Grainger","",0,34800
"sample_gl_2024__TXN-0035",35,"2024-04-04 18:30:00","AS","TXN-0035","sample_gl_2024__TXN-0035__72","1200","1200","Inventory",34800,"Inventory purchase","3c964ac3-7868-48ca-a197-53cf9629175d","8154a8df-308a-433d-bafa-e0f9c070d66a","d8f7ab35-f218-4b14-8188-bf744c42cb6e","xero","sample_gl_2024","Sample Company 2024","2026-05-17 17:20:37","2026-05-17 17:20:37","Operations","Product","W.W. Grainger","",34800,0
"sample_gl_2024__TXN-0036",36,"2024-04-07 18:30:00","AP","TXN-0036","sample_gl_2024__TXN-0036__73","2000","2000","Accounts Payable",-700,"Monthly phone & internet","3c964ac3-7868-48ca-a197-53cf9629175d","8154a8df-308a-433d-bafa-e0f9c070d66a","d8f7ab35-f218-4b14-8188-bf744c42cb6e","xero","sample_gl_2024","Sample Company 2024","2026-05-17 17:20:37","2026-05-17 17:20:37","Admin","General","AT&T","",0,700
"sample_gl_2024__TXN-0036",36,"2024-04-07 18:30:00","EX","TXN-0036","sample_gl_2024__TXN-0036__74","6220","6220","Internet & Phone",700,"Monthly phone & internet","3c964ac3-7868-48ca-a197-53cf9629175d","8154a8df-308a-433d-bafa-e0f9c070d66a","d8f7ab35-f218-4b14-8188-bf744c42cb6e","xero","sample_gl_2024","Sample Company 2024","2026-05-17 17:20:37","2026-05-17 17:20:37","Admin","General","AT&T","",700,0
"sample_gl_2024__TXN-0037",37,"2024-04-09 18:30:00","AP","TXN-0037","sample_gl_2024__TXN-0037__75","2000","2000","Accounts Payable",-4800,"Digital advertising","3c964ac3-7868-48ca-a197-53cf9629175d","8154a8df-308a-433d-bafa-e0f9c070d66a","d8f7ab35-f218-4b14-8188-bf744c42cb6e","xero","sample_gl_2024","Sample Company 2024","2026-05-17 17:20:37","2026-05-17 17:20:37","Sales","Marketing","Google Ads","",0,4800
"sample_gl_2024__TXN-0037",37,"2024-04-09 18:30:00","EX","TXN-0037","sample_gl_2024__TXN-0037__76","6400","6400","Advertising & Marketing",4800,"Digital advertising","3c964ac3-7868-48ca-a197-53cf9629175d","8154a8df-308a-433d-bafa-e0f9c070d66a","d8f7ab35-f218-4b14-8188-bf744c42cb6e","xero","sample_gl_2024","Sample Company 2024","2026-05-17 17:20:37","2026-05-17 17:20:37","Sales","Marketing","Google Ads","",4800,0
"sample_gl_2024__TXN-0038",38,"2024-04-11 18:30:00","AP","TXN-0038","sample_gl_2024__TXN-0038__77","2000","2000","Accounts Payable",-1200,"CRM subscription","3c964ac3-7868-48ca-a197-53cf9629175d","8154a8df-308a-433d-bafa-e0f9c070d66a","d8f7ab35-f218-4b14-8188-bf744c42cb6e","xero","sample_gl_2024","Sample Company 2024","2026-05-17 17:20:37","2026-05-17 17:20:37","Sales","Marketing","Salesforce","",0,1200
"sample_gl_2024__TXN-0038",38,"2024-04-11 18:30:00","EX","TXN-0038","sample_gl_2024__TXN-0038__78","6410","6410","Website & Software",1200,"CRM subscription","3c964ac3-7868-48ca-a197-53cf9629175d","8154a8df-308a-433d-bafa-e0f9c070d66a","d8f7ab35-f218-4b14-8188-bf744c42cb6e","xero","sample_gl_2024","Sample Company 2024","2026-05-17 17:20:37","2026-05-17 17:20:37","Sales","Marketing","Salesforce","",1200,0
"sample_gl_2024__TXN-0039",39,"2024-04-14 18:30:00","PR","TXN-0039","sample_gl_2024__TXN-0039__79","6000","6000","Salaries & Wages - Admin",15350,"April payroll - admin","3c964ac3-7868-48ca-a197-53cf9629175d","8154a8df-308a-433d-bafa-e0f9c070d66a","d8f7ab35-f218-4b14-8188-bf744c42cb6e","xero","sample_gl_2024","Sample Company 2024","2026-05-17 17:20:37","2026-05-17 17:20:37","Admin","General","Payroll","",15350,0
"sample_gl_2024__TXN-0039",39,"2024-04-14 18:30:00","PR","TXN-0039","sample_gl_2024__TXN-0039__80","6010","6010","Salaries & Wages - Sales",8033,"April payroll - sales","3c964ac3-7868-48ca-a197-53cf9629175d","8154a8df-308a-433d-bafa-e0f9c070d66a","d8f7ab35-f218-4b14-8188-bf744c42cb6e","xero","sample_gl_2024","Sample Company 2024","2026-05-17 17:20:37","2026-05-17 17:20:37","Sales","General","Payroll","",8033,0
"sample_gl_2024__TXN-0039",39,"2024-04-14 18:30:00","PR","TXN-0039","sample_gl_2024__TXN-0039__81","2100","2100","Accrued Payroll",-23383,"April payroll","3c964ac3-7868-48ca-a197-53cf9629175d","8154a8df-308a-433d-bafa-e0f9c070d66a","d8f7ab35-f218-4b14-8188-bf744c42cb6e","xero","sample_gl_2024","Sample Company 2024","2026-05-17 17:20:37","2026-05-17 17:20:37","Admin","General","Payroll","",0,23383
"sample_gl_2024__TXN-0040",40,"2024-04-17 18:30:00","AP","TXN-0040","sample_gl_2024__TXN-0040__82","2000","2000","Accounts Payable",-6000,"Monthly rent","3c964ac3-7868-48ca-a197-53cf9629175d","8154a8df-308a-433d-bafa-e0f9c070d66a","d8f7ab35-f218-4b14-8188-bf744c42cb6e","xero","sample_gl_2024","Sample Company 2024","2026-05-17 17:20:37","2026-05-17 17:20:37","Admin","General","WeWork","",0,6000
"sample_gl_2024__TXN-0040",40,"2024-04-17 18:30:00","EX","TXN-0040","sample_gl_2024__TXN-0040__83","6200","6200","Rent Expense",6000,"Monthly rent","3c964ac3-7868-48ca-a197-53cf9629175d","8154a8df-308a-433d-bafa-e0f9c070d66a","d8f7ab35-f218-4b14-8188-bf744c42cb6e","xero","sample_gl_2024","Sample Company 2024","2026-05-17 17:20:37","2026-05-17 17:20:37","Admin","General","WeWork","",6000,0
"sample_gl_2024__TXN-0041",41,"2024-04-19 18:30:00","AP","TXN-0041","sample_gl_2024__TXN-0041__84","2000","2000","Accounts Payable",-26400,"Inventory purchase","3c964ac3-7868-48ca-a197-53cf9629175d","8154a8df-308a-433d-bafa-e0f9c070d66a","d8f7ab35-f218-4b14-8188-bf744c42cb6e","xero","sample_gl_2024","Sample Company 2024","2026-05-17 17:20:37","2026-05-17 17:20:37","Operations","Product","Amazon Business","",0,26400
"sample_gl_2024__TXN-0041",41,"2024-04-19 18:30:00","AS","TXN-0041","sample_gl_2024__TXN-0041__85","1200","1200","Inventory",26400,"Inventory purchase","3c964ac3-7868-48ca-a197-53cf9629175d","8154a8df-308a-433d-bafa-e0f9c070d66a","d8f7ab35-f218-4b14-8188-bf744c42cb6e","xero","sample_gl_2024","Sample Company 2024","2026-05-17 17:20:37","2026-05-17 17:20:37","Operations","Product","Amazon Business","",26400,0
"sample_gl_2024__TXN-0042",42,"2024-04-21 18:30:00","AP","TXN-0042","sample_gl_2024__TXN-0042__86","2000","2000","Accounts Payable",-1320,"Utilities","3c964ac3-7868-48ca-a197-53cf9629175d","8154a8df-308a-433d-bafa-e0f9c070d66a","d8f7ab35-f218-4b14-8188-bf744c42cb6e","xero","sample_gl_2024","Sample Company 2024","2026-05-17 17:20:37","2026-05-17 17:20:37","Admin","General","ComEd","",0,1320
"sample_gl_2024__TXN-0042",42,"2024-04-21 18:30:00","EX","TXN-0042","sample_gl_2024__TXN-0042__87","6210","6210","Utilities",1320,"Utilities","3c964ac3-7868-48ca-a197-53cf9629175d","8154a8df-308a-433d-bafa-e0f9c070d66a","d8f7ab35-f218-4b14-8188-bf744c42cb6e","xero","sample_gl_2024","Sample Company 2024","2026-05-17 17:20:37","2026-05-17 17:20:37","Admin","General","ComEd","",1320,0
"sample_gl_2024__TXN-0043",43,"2024-04-24 18:30:00","AP","TXN-0043","sample_gl_2024__TXN-0043__88","2000","2000","Accounts Payable",-280,"Payroll processing fee","3c964ac3-7868-48ca-a197-53cf9629175d","8154a8df-308a-433d-bafa-e0f9c070d66a","d8f7ab35-f218-4b14-8188-bf744c42cb6e","xero","sample_gl_2024","Sample Company 2024","2026-05-17 17:20:37","2026-05-17 17:20:37","Admin","General","ADP Payroll Services","",0,280
"sample_gl_2024__TXN-0043",43,"2024-04-24 18:30:00","EX","TXN-0043","sample_gl_2024__TXN-0043__89","6510","6510","Professional Fees",280,"Payroll processing fee","3c964ac3-7868-48ca-a197-53cf9629175d","8154a8df-308a-433d-bafa-e0f9c070d66a","d8f7ab35-f218-4b14-8188-bf744c42cb6e","xero","sample_gl_2024","Sample Company 2024","2026-05-17 17:20:37","2026-05-17 17:20:37","Admin","General","ADP Payroll Services","",280,0
"sample_gl_2024__TXN-0044",44,"2024-04-27 18:30:00","TR","TXN-0044","sample_gl_2024__TXN-0044__90","6600","6600","Travel & Entertainment",2800,"Sales team Q2 kickoff travel","3c964ac3-7868-48ca-a197-53cf9629175d","8154a8df-308a-433d-bafa-e0f9c070d66a","d8f7ab35-f218-4b14-8188-bf744c42cb6e","xero","sample_gl_2024","Sample Company 2024","2026-05-17 17:20:37","2026-05-17 17:20:37","Sales","General","Airbnb/Delta","",2800,0
"sample_gl_2024__TXN-0044",44,"2024-04-27 18:30:00","AP","TXN-0044","sample_gl_2024__TXN-0044__91","2000","2000","Accounts Payable",-2800,"Sales team Q2 kickoff travel","3c964ac3-7868-48ca-a197-53cf9629175d","8154a8df-308a-433d-bafa-e0f9c070d66a","d8f7ab35-f218-4b14-8188-bf744c42cb6e","xero","sample_gl_2024","Sample Company 2024","2026-05-17 17:20:37","2026-05-17 17:20:37","Sales","General","Airbnb/Delta","",0,2800
"sample_gl_2024__TXN-0045",45,"2024-05-02 18:30:00","AP","TXN-0045","sample_gl_2024__TXN-0045__92","2000","2000","Accounts Payable",-640,"Shipping charges","3c964ac3-7868-48ca-a197-53cf9629175d","8154a8df-308a-433d-bafa-e0f9c070d66a","d8f7ab35-f218-4b14-8188-bf744c42cb6e","xero","sample_gl_2024","Sample Company 2024","2026-05-17 17:20:37","2026-05-17 17:20:37","Operations","Product","FedEx","",0,640
"sample_gl_2024__TXN-0045",45,"2024-05-02 18:30:00","EX","TXN-0045","sample_gl_2024__TXN-0045__93","6310","6310","Postage & Delivery",640,"Shipping charges","3c964ac3-7868-48ca-a197-53cf9629175d","8154a8df-308a-433d-bafa-e0f9c070d66a","d8f7ab35-f218-4b14-8188-bf744c42cb6e","xero","sample_gl_2024","Sample Company 2024","2026-05-17 17:20:37","2026-05-17 17:20:37","Operations","Product","FedEx","",640,0
"sample_gl_2024__TXN-0046",46,"2024-05-05 18:30:00","AP","TXN-0046","sample_gl_2024__TXN-0046__94","2000","2000","Accounts Payable",-5200,"Digital advertising","3c964ac3-7868-48ca-a197-53cf9629175d","8154a8df-308a-433d-bafa-e0f9c070d66a","d8f7ab35-f218-4b14-8188-bf744c42cb6e","xero","sample_gl_2024","Sample Company 2024","2026-05-17 17:20:37","2026-05-17 17:20:37","Sales","Marketing","Google Ads","",0,5200
"sample_gl_2024__TXN-0046",46,"2024-05-05 18:30:00","EX","TXN-0046","sample_gl_2024__TXN-0046__95","6400","6400","Advertising & Marketing",5200,"Digital advertising","3c964ac3-7868-48ca-a197-53cf9629175d","8154a8df-308a-433d-bafa-e0f9c070d66a","d8f7ab35-f218-4b14-8188-bf744c42cb6e","xero","sample_gl_2024","Sample Company 2024","2026-05-17 17:20:37","2026-05-17 17:20:37","Sales","Marketing","Google Ads","",5200,0
"sample_gl_2024__TXN-0047",47,"2024-05-07 18:30:00","AP","TXN-0047","sample_gl_2024__TXN-0047__96","2000","2000","Accounts Payable",-38200,"Inventory purchase","3c964ac3-7868-48ca-a197-53cf9629175d","8154a8df-308a-433d-bafa-e0f9c070d66a","d8f7ab35-f218-4b14-8188-bf744c42cb6e","xero","sample_gl_2024","Sample Company 2024","2026-05-17 17:20:37","2026-05-17 17:20:37","Operations","Product","Grainger Industrial","",0,38200
"sample_gl_2024__TXN-0047",47,"2024-05-07 18:30:00","AS","TXN-0047","sample_gl_2024__TXN-0047__97","1200","1200","Inventory",38200,"Inventory purchase","3c964ac3-7868-48ca-a197-53cf9629175d","8154a8df-308a-433d-bafa-e0f9c070d66a","d8f7ab35-f218-4b14-8188-bf744c42cb6e","xero","sample_gl_2024","Sample Company 2024","2026-05-17 17:20:37","2026-05-17 17:20:37","Operations","Product","Grainger Industrial","",38200,0
"sample_gl_2024__TXN-0048",48,"2024-05-09 18:30:00","AP","TXN-0048","sample_gl_2024__TXN-0048__98","2000","2000","Accounts Payable",-700,"Monthly phone & internet","3c964ac3-7868-48ca-a197-53cf9629175d","8154a8df-308a-433d-bafa-e0f9c070d66a","d8f7ab35-f218-4b14-8188-bf744c42cb6e","xero","sample_gl_2024","Sample Company 2024","2026-05-17 17:20:37","2026-05-17 17:20:37","Admin","General","AT&T","",0,700
"sample_gl_2024__TXN-0048",48,"2024-05-09 18:30:00","EX","TXN-0048","sample_gl_2024__TXN-0048__99","6220","6220","Internet & Phone",700,"Monthly phone & internet","3c964ac3-7868-48ca-a197-53cf9629175d","8154a8df-308a-433d-bafa-e0f9c070d66a","d8f7ab35-f218-4b14-8188-bf744c42cb6e","xero","sample_gl_2024","Sample Company 2024","2026-05-17 17:20:37","2026-05-17 17:20:37","Admin","General","AT&T","",700,0
"sample_gl_2024__TXN-0049",49,"2024-05-11 18:30:00","AP","TXN-0049","sample_gl_2024__TXN-0049__100","2000","2000","Accounts Payable",-840,"Software subscription","3c964ac3-7868-48ca-a197-53cf9629175d","8154a8df-308a-433d-bafa-e0f9c070d66a","d8f7ab35-f218-4b14-8188-bf744c42cb6e","xero","sample_gl_2024","Sample Company 2024","2026-05-17 17:20:37","2026-05-17 17:20:37","Admin","General","Microsoft 365","",0,840
"sample_gl_2024__TXN-0049",49,"2024-05-11 18:30:00","EX","TXN-0049","sample_gl_2024__TXN-0049__101","6410","6410","Website & Software",840,"Software subscription","3c964ac3-7868-48ca-a197-53cf9629175d","8154a8df-308a-433d-bafa-e0f9c070d66a","d8f7ab35-f218-4b14-8188-bf744c42cb6e","xero","sample_gl_2024","Sample Company 2024","2026-05-17 17:20:37","2026-05-17 17:20:37","Admin","General","Microsoft 365","",840,0
"sample_gl_2024__TXN-0050",50,"2024-05-14 18:30:00","PR","TXN-0050","sample_gl_2024__TXN-0050__102","6000","6000","Salaries & Wages - Admin",15350,"May payroll - admin","3c964ac3-7868-48ca-a197-53cf9629175d","8154a8df-308a-433d-bafa-e0f9c070d66a","d8f7ab35-f218-4b14-8188-bf744c42cb6e","xero","sample_gl_2024","Sample Company 2024","2026-05-17 17:20:37","2026-05-17 17:20:37","Admin","General","Payroll","",15350,0
"sample_gl_2024__TXN-0050",50,"2024-05-14 18:30:00","PR","TXN-0050","sample_gl_2024__TXN-0050__103","6010","6010","Salaries & Wages - Sales",8033,"May payroll - sales","3c964ac3-7868-48ca-a197-53cf9629175d","8154a8df-308a-433d-bafa-e0f9c070d66a","d8f7ab35-f218-4b14-8188-bf744c42cb6e","xero","sample_gl_2024","Sample Company 2024","2026-05-17 17:20:37","2026-05-17 17:20:37","Sales","General","Payroll","",8033,0
"sample_gl_2024__TXN-0050",50,"2024-05-14 18:30:00","PR","TXN-0050","sample_gl_2024__TXN-0050__104","2100","2100","Accrued Payroll",-23383,"May payroll","3c964ac3-7868-48ca-a197-53cf9629175d","8154a8df-308a-433d-bafa-e0f9c070d66a","d8f7ab35-f218-4b14-8188-bf744c42cb6e","xero","sample_gl_2024","Sample Company 2024","2026-05-17 17:20:37","2026-05-17 17:20:37","Admin","General","Payroll","",0,23383
"sample_gl_2024__TXN-0051",51,"2024-05-17 18:30:00","AP","TXN-0051","sample_gl_2024__TXN-0051__105","2000","2000","Accounts Payable",-6000,"Monthly rent","3c964ac3-7868-48ca-a197-53cf9629175d","8154a8df-308a-433d-bafa-e0f9c070d66a","d8f7ab35-f218-4b14-8188-bf744c42cb6e","xero","sample_gl_2024","Sample Company 2024","2026-05-17 17:20:37","2026-05-17 17:20:37","Admin","General","WeWork","",0,6000
"sample_gl_2024__TXN-0051",51,"2024-05-17 18:30:00","EX","TXN-0051","sample_gl_2024__TXN-0051__106","6200","6200","Rent Expense",6000,"Monthly rent","3c964ac3-7868-48ca-a197-53cf9629175d","8154a8df-308a-433d-bafa-e0f9c070d66a","d8f7ab35-f218-4b14-8188-bf744c42cb6e","xero","sample_gl_2024","Sample Company 2024","2026-05-17 17:20:37","2026-05-17 17:20:37","Admin","General","WeWork","",6000,0
"sample_gl_2024__TXN-0052",52,"2024-05-19 18:30:00","AP","TXN-0052","sample_gl_2024__TXN-0052__107","2000","2000","Accounts Payable",-6200,"Consulting services","3c964ac3-7868-48ca-a197-53cf9629175d","8154a8df-308a-433d-bafa-e0f9c070d66a","d8f7ab35-f218-4b14-8188-bf744c42cb6e","xero","sample_gl_2024","Sample Company 2024","2026-05-17 17:20:37","2026-05-17 17:20:37","Admin","General","Deloitte","",0,6200
"sample_gl_2024__TXN-0052",52,"2024-05-19 18:30:00","EX","TXN-0052","sample_gl_2024__TXN-0052__108","6520","6520","Accounting & Legal",6200,"Consulting services","3c964ac3-7868-48ca-a197-53cf9629175d","8154a8df-308a-433d-bafa-e0f9c070d66a","d8f7ab35-f218-4b14-8188-bf744c42cb6e","xero","sample_gl_2024","Sample Company 2024","2026-05-17 17:20:37","2026-05-17 17:20:37","Admin","General","Deloitte","",6200,0
"sample_gl_2024__TXN-0053",53,"2024-05-21 18:30:00","AP","TXN-0053","sample_gl_2024__TXN-0053__109","2000","2000","Accounts Payable",-1480,"Utilities","3c964ac3-7868-48ca-a197-53cf9629175d","8154a8df-308a-433d-bafa-e0f9c070d66a","d8f7ab35-f218-4b14-8188-bf744c42cb6e","xero","sample_gl_2024","Sample Company 2024","2026-05-17 17:20:37","2026-05-17 17:20:37","Admin","General","ComEd","",0,1480
"sample_gl_2024__TXN-0053",53,"2024-05-21 18:30:00","EX","TXN-0053","sample_gl_2024__TXN-0053__110","6210","6210","Utilities",1480,"Utilities","3c964ac3-7868-48ca-a197-53cf9629175d","8154a8df-308a-433d-bafa-e0f9c070d66a","d8f7ab35-f218-4b14-8188-bf744c42cb6e","xero","sample_gl_2024","Sample Company 2024","2026-05-17 17:20:37","2026-05-17 17:20:37","Admin","General","ComEd","",1480,0
"sample_gl_2024__TXN-0054",54,"2024-05-24 18:30:00","AP","TXN-0054","sample_gl_2024__TXN-0054__111","2000","2000","Accounts Payable",-3400,"Social media advertising","3c964ac3-7868-48ca-a197-53cf9629175d","8154a8df-308a-433d-bafa-e0f9c070d66a","d8f7ab35-f218-4b14-8188-bf744c42cb6e","xero","sample_gl_2024","Sample Company 2024","2026-05-17 17:20:37","2026-05-17 17:20:37","Sales","Marketing","Meta Ads","",0,3400
"sample_gl_2024__TXN-0054",54,"2024-05-24 18:30:00","EX","TXN-0054","sample_gl_2024__TXN-0054__112","6400","6400","Advertising & Marketing",3400,"Social media advertising","3c964ac3-7868-48ca-a197-53cf9629175d","8154a8df-308a-433d-bafa-e0f9c070d66a","d8f7ab35-f218-4b14-8188-bf744c42cb6e","xero","sample_gl_2024","Sample Company 2024","2026-05-17 17:20:37","2026-05-17 17:20:37","Sales","Marketing","Meta Ads","",3400,0
"sample_gl_2024__TXN-0055",55,"2024-05-27 18:30:00","AP","TXN-0055","sample_gl_2024__TXN-0055__113","2000","2000","Accounts Payable",-520,"Office supplies","3c964ac3-7868-48ca-a197-53cf9629175d","8154a8df-308a-433d-bafa-e0f9c070d66a","d8f7ab35-f218-4b14-8188-bf744c42cb6e","xero","sample_gl_2024","Sample Company 2024","2026-05-17 17:20:37","2026-05-17 17:20:37","Admin","General","Office Depot","",0,520
"sample_gl_2024__TXN-0055",55,"2024-05-27 18:30:00","EX","TXN-0055","sample_gl_2024__TXN-0055__114","6300","6300","Office Supplies",520,"Office supplies","3c964ac3-7868-48ca-a197-53cf9629175d","8154a8df-308a-433d-bafa-e0f9c070d66a","d8f7ab35-f218-4b14-8188-bf744c42cb6e","xero","sample_gl_2024","Sample Company 2024","2026-05-17 17:20:37","2026-05-17 17:20:37","Admin","General","Office Depot","",520,0
"sample_gl_2024__TXN-0056",56,"2024-06-02 18:30:00","AP","TXN-0056","sample_gl_2024__TXN-0056__115","2000","2000","Accounts Payable",-720,"Shipping charges","3c964ac3-7868-48ca-a197-53cf9629175d","8154a8df-308a-433d-bafa-e0f9c070d66a","d8f7ab35-f218-4b14-8188-bf744c42cb6e","xero","sample_gl_2024","Sample Company 2024","2026-05-17 17:20:37","2026-05-17 17:20:37","Operations","Product","UPS","",0,720
"sample_gl_2024__TXN-0056",56,"2024-06-02 18:30:00","EX","TXN-0056","sample_gl_2024__TXN-0056__116","6310","6310","Postage & Delivery",720,"Shipping charges","3c964ac3-7868-48ca-a197-53cf9629175d","8154a8df-308a-433d-bafa-e0f9c070d66a","d8f7ab35-f218-4b14-8188-bf744c42cb6e","xero","sample_gl_2024","Sample Company 2024","2026-05-17 17:20:37","2026-05-17 17:20:37","Operations","Product","UPS","",720,0
"sample_gl_2024__TXN-0057",57,"2024-06-04 18:30:00","AP","TXN-0057","sample_gl_2024__TXN-0057__117","2000","2000","Accounts Payable",-42600,"Inventory purchase","3c964ac3-7868-48ca-a197-53cf9629175d","8154a8df-308a-433d-bafa-e0f9c070d66a","d8f7ab35-f218-4b14-8188-bf744c42cb6e","xero","sample_gl_2024","Sample Company 2024","2026-05-17 17:20:37","2026-05-17 17:20:37","Operations","Product","W.W. Grainger","",0,42600
"sample_gl_2024__TXN-0057",57,"2024-06-04 18:30:00","AS","TXN-0057","sample_gl_2024__TXN-0057__118","1200","1200","Inventory",42600,"Inventory purchase","3c964ac3-7868-48ca-a197-53cf9629175d","8154a8df-308a-433d-bafa-e0f9c070d66a","d8f7ab35-f218-4b14-8188-bf744c42cb6e","xero","sample_gl_2024","Sample Company 2024","2026-05-17 17:20:37","2026-05-17 17:20:37","Operations","Product","W.W. Grainger","",42600,0
"sample_gl_2024__TXN-0058",58,"2024-06-07 18:30:00","AP","TXN-0058","sample_gl_2024__TXN-0058__119","2000","2000","Accounts Payable",-700,"Monthly phone & internet","3c964ac3-7868-48ca-a197-53cf9629175d","8154a8df-308a-433d-bafa-e0f9c070d66a","d8f7ab35-f218-4b14-8188-bf744c42cb6e","xero","sample_gl_2024","Sample Company 2024","2026-05-17 17:20:37","2026-05-17 17:20:37","Admin","General","AT&T","",0,700
"sample_gl_2024__TXN-0058",58,"2024-06-07 18:30:00","EX","TXN-0058","sample_gl_2024__TXN-0058__120","6220","6220","Internet & Phone",700,"Monthly phone & internet","3c964ac3-7868-48ca-a197-53cf9629175d","8154a8df-308a-433d-bafa-e0f9c070d66a","d8f7ab35-f218-4b14-8188-bf744c42cb6e","xero","sample_gl_2024","Sample Company 2024","2026-05-17 17:20:37","2026-05-17 17:20:37","Admin","General","AT&T","",700,0
"sample_gl_2024__TXN-0059",59,"2024-06-09 18:30:00","AP","TXN-0059","sample_gl_2024__TXN-0059__121","2000","2000","Accounts Payable",-5600,"Digital advertising","3c964ac3-7868-48ca-a197-53cf9629175d","8154a8df-308a-433d-bafa-e0f9c070d66a","d8f7ab35-f218-4b14-8188-bf744c42cb6e","xero","sample_gl_2024","Sample Company 2024","2026-05-17 17:20:37","2026-05-17 17:20:37","Sales","Marketing","Google Ads","",0,5600
"sample_gl_2024__TXN-0059",59,"2024-06-09 18:30:00","EX","TXN-0059","sample_gl_2024__TXN-0059__122","6400","6400","Advertising & Marketing",5600,"Digital advertising","3c964ac3-7868-48ca-a197-53cf9629175d","8154a8df-308a-433d-bafa-e0f9c070d66a","d8f7ab35-f218-4b14-8188-bf744c42cb6e","xero","sample_gl_2024","Sample Company 2024","2026-05-17 17:20:37","2026-05-17 17:20:37","Sales","Marketing","Google Ads","",5600,0
"sample_gl_2024__TXN-0060",60,"2024-06-11 18:30:00","AP","TXN-0060","sample_gl_2024__TXN-0060__123","2000","2000","Accounts Payable",-5600,"Q3 insurance premium","3c964ac3-7868-48ca-a197-53cf9629175d","8154a8df-308a-433d-bafa-e0f9c070d66a","d8f7ab35-f218-4b14-8188-bf744c42cb6e","xero","sample_gl_2024","Sample Company 2024","2026-05-17 17:20:37","2026-05-17 17:20:37","Admin","General","Travelers Insurance","",0,5600
"sample_gl_2024__TXN-0060",60,"2024-06-11 18:30:00","EX","TXN-0060","sample_gl_2024__TXN-0060__124","6500","6500","Insurance",5600,"Q3 insurance premium","3c964ac3-7868-48ca-a197-53cf9629175d","8154a8df-308a-433d-bafa-e0f9c070d66a","d8f7ab35-f218-4b14-8188-bf744c42cb6e","xero","sample_gl_2024","Sample Company 2024","2026-05-17 17:20:37","2026-05-17 17:20:37","Admin","General","Travelers Insurance","",5600,0
"sample_gl_2024__TXN-0061",61,"2024-06-14 18:30:00","PR","TXN-0061","sample_gl_2024__TXN-0061__125","6000","6000","Salaries & Wages - Admin",15350,"June payroll - admin","3c964ac3-7868-48ca-a197-53cf9629175d","8154a8df-308a-433d-bafa-e0f9c070d66a","d8f7ab35-f218-4b14-8188-bf744c42cb6e","xero","sample_gl_2024","Sample Company 2024","2026-05-17 17:20:37","2026-05-17 17:20:37","Admin","General","Payroll","",15350,0
"sample_gl_2024__TXN-0061",61,"2024-06-14 18:30:00","PR","TXN-0061","sample_gl_2024__TXN-0061__126","6010","6010","Salaries & Wages - Sales",8033,"June payroll - sales","3c964ac3-7868-48ca-a197-53cf9629175d","8154a8df-308a-433d-bafa-e0f9c070d66a","d8f7ab35-f218-4b14-8188-bf744c42cb6e","xero","sample_gl_2024","Sample Company 2024","2026-05-17 17:20:37","2026-05-17 17:20:37","Sales","General","Payroll","",8033,0
"sample_gl_2024__TXN-0061",61,"2024-06-14 18:30:00","PR","TXN-0061","sample_gl_2024__TXN-0061__127","2100","2100","Accrued Payroll",-23383,"June payroll","3c964ac3-7868-48ca-a197-53cf9629175d","8154a8df-308a-433d-bafa-e0f9c070d66a","d8f7ab35-f218-4b14-8188-bf744c42cb6e","xero","sample_gl_2024","Sample Company 2024","2026-05-17 17:20:37","2026-05-17 17:20:37","Admin","General","Payroll","",0,23383
"sample_gl_2024__TXN-0062",62,"2024-06-17 18:30:00","AP","TXN-0062","sample_gl_2024__TXN-0062__128","2000","2000","Accounts Payable",-6000,"Monthly rent","3c964ac3-7868-48ca-a197-53cf9629175d","8154a8df-308a-433d-bafa-e0f9c070d66a","d8f7ab35-f218-4b14-8188-bf744c42cb6e","xero","sample_gl_2024","Sample Company 2024","2026-05-17 17:20:37","2026-05-17 17:20:37","Admin","General","WeWork","",0,6000
"sample_gl_2024__TXN-0062",62,"2024-06-17 18:30:00","EX","TXN-0062","sample_gl_2024__TXN-0062__129","6200","6200","Rent Expense",6000,"Monthly rent","3c964ac3-7868-48ca-a197-53cf9629175d","8154a8df-308a-433d-bafa-e0f9c070d66a","d8f7ab35-f218-4b14-8188-bf744c42cb6e","xero","sample_gl_2024","Sample Company 2024","2026-05-17 17:20:37","2026-05-17 17:20:37","Admin","General","WeWork","",6000,0
"sample_gl_2024__TXN-0063",63,"2024-06-19 18:30:00","AP","TXN-0063","sample_gl_2024__TXN-0063__130","2000","2000","Accounts Payable",-1200,"CRM subscription","3c964ac3-7868-48ca-a197-53cf9629175d","8154a8df-308a-433d-bafa-e0f9c070d66a","d8f7ab35-f218-4b14-8188-bf744c42cb6e","xero","sample_gl_2024","Sample Company 2024","2026-05-17 17:20:37","2026-05-17 17:20:37","Sales","Marketing","Salesforce","",0,1200
"sample_gl_2024__TXN-0063",63,"2024-06-19 18:30:00","EX","TXN-0063","sample_gl_2024__TXN-0063__131","6410","6410","Website & Software",1200,"CRM subscription","3c964ac3-7868-48ca-a197-53cf9629175d","8154a8df-308a-433d-bafa-e0f9c070d66a","d8f7ab35-f218-4b14-8188-bf744c42cb6e","xero","sample_gl_2024","Sample Company 2024","2026-05-17 17:20:37","2026-05-17 17:20:37","Sales","Marketing","Salesforce","",1200,0
"sample_gl_2024__TXN-0064",64,"2024-06-21 18:30:00","AP","TXN-0064","sample_gl_2024__TXN-0064__132","2000","2000","Accounts Payable",-1560,"Utilities","3c964ac3-7868-48ca-a197-53cf9629175d","8154a8df-308a-433d-bafa-e0f9c070d66a","d8f7ab35-f218-4b14-8188-bf744c42cb6e","xero","sample_gl_2024","Sample Company 2024","2026-05-17 17:20:37","2026-05-17 17:20:37","Admin","General","ComEd","",0,1560
"sample_gl_2024__TXN-0064",64,"2024-06-21 18:30:00","EX","TXN-0064","sample_gl_2024__TXN-0064__133","6210","6210","Utilities",1560,"Utilities","3c964ac3-7868-48ca-a197-53cf9629175d","8154a8df-308a-433d-bafa-e0f9c070d66a","d8f7ab35-f218-4b14-8188-bf744c42cb6e","xero","sample_gl_2024","Sample Company 2024","2026-05-17 17:20:37","2026-05-17 17:20:37","Admin","General","ComEd","",1560,0
"sample_gl_2024__TXN-0065",65,"2024-06-27 18:30:00","TR","TXN-0065","sample_gl_2024__TXN-0065__134","6600","6600","Travel & Entertainment",1900,"Industry conference travel","3c964ac3-7868-48ca-a197-53cf9629175d","8154a8df-308a-433d-bafa-e0f9c070d66a","d8f7ab35-f218-4b14-8188-bf744c42cb6e","xero","sample_gl_2024","Sample Company 2024","2026-05-17 17:20:37","2026-05-17 17:20:37","Admin","General","Marriott/United","",1900,0
"sample_gl_2024__TXN-0065",65,"2024-06-27 18:30:00","AP","TXN-0065","sample_gl_2024__TXN-0065__135","2000","2000","Accounts Payable",-1900,"Industry conference travel","3c964ac3-7868-48ca-a197-53cf9629175d","8154a8df-308a-433d-bafa-e0f9c070d66a","d8f7ab35-f218-4b14-8188-bf744c42cb6e","xero","sample_gl_2024","Sample Company 2024","2026-05-17 17:20:37","2026-05-17 17:20:37","Admin","General","Marriott/United","",0,1900
"sample_gl_2024__TXN-0066",66,"2024-07-01 18:30:00","AP","TXN-0066","sample_gl_2024__TXN-0066__136","2000","2000","Accounts Payable",-680,"Shipping charges","3c964ac3-7868-48ca-a197-53cf9629175d","8154a8df-308a-433d-bafa-e0f9c070d66a","d8f7ab35-f218-4b14-8188-bf744c42cb6e","xero","sample_gl_2024","Sample Company 2024","2026-05-17 17:20:37","2026-05-17 17:20:37","Operations","Product","FedEx","",0,680
"sample_gl_2024__TXN-0066",66,"2024-07-01 18:30:00","EX","TXN-0066","sample_gl_2024__TXN-0066__137","6310","6310","Postage & Delivery",680,"Shipping charges","3c964ac3-7868-48ca-a197-53cf9629175d","8154a8df-308a-433d-bafa-e0f9c070d66a","d8f7ab35-f218-4b14-8188-bf744c42cb6e","xero","sample_gl_2024","Sample Company 2024","2026-05-17 17:20:37","2026-05-17 17:20:37","Operations","Product","FedEx","",680,0
"sample_gl_2024__TXN-0067",67,"2024-07-04 18:30:00","AP","TXN-0067","sample_gl_2024__TXN-0067__138","2000","2000","Accounts Payable",-45800,"Inventory purchase","3c964ac3-7868-48ca-a197-53cf9629175d","8154a8df-308a-433d-bafa-e0f9c070d66a","d8f7ab35-f218-4b14-8188-bf744c42cb6e","xero","sample_gl_2024","Sample Company 2024","2026-05-17 17:20:37","2026-05-17 17:20:37","Operations","Product","Grainger Industrial","",0,45800
"sample_gl_2024__TXN-0067",67,"2024-07-04 18:30:00","AS","TXN-0067","sample_gl_2024__TXN-0067__139","1200","1200","Inventory",45800,"Inventory purchase","3c964ac3-7868-48ca-a197-53cf9629175d","8154a8df-308a-433d-bafa-e0f9c070d66a","d8f7ab35-f218-4b14-8188-bf744c42cb6e","xero","sample_gl_2024","Sample Company 2024","2026-05-17 17:20:37","2026-05-17 17:20:37","Operations","Product","Grainger Industrial","",45800,0
"sample_gl_2024__TXN-0068",68,"2024-07-07 18:30:00","AP","TXN-0068","sample_gl_2024__TXN-0068__140","2000","2000","Accounts Payable",-700,"Monthly phone & internet","3c964ac3-7868-48ca-a197-53cf9629175d","8154a8df-308a-433d-bafa-e0f9c070d66a","d8f7ab35-f218-4b14-8188-bf744c42cb6e","xero","sample_gl_2024","Sample Company 2024","2026-05-17 17:20:37","2026-05-17 17:20:37","Admin","General","AT&T","",0,700
"sample_gl_2024__TXN-0068",68,"2024-07-07 18:30:00","EX","TXN-0068","sample_gl_2024__TXN-0068__141","6220","6220","Internet & Phone",700,"Monthly phone & internet","3c964ac3-7868-48ca-a197-53cf9629175d","8154a8df-308a-433d-bafa-e0f9c070d66a","d8f7ab35-f218-4b14-8188-bf744c42cb6e","xero","sample_gl_2024","Sample Company 2024","2026-05-17 17:20:37","2026-05-17 17:20:37","Admin","General","AT&T","",700,0
"sample_gl_2024__TXN-0069",69,"2024-07-09 18:30:00","AP","TXN-0069","sample_gl_2024__TXN-0069__142","2000","2000","Accounts Payable",-6000,"Digital advertising","3c964ac3-7868-48ca-a197-53cf9629175d","8154a8df-308a-433d-bafa-e0f9c070d66a","d8f7ab35-f218-4b14-8188-bf744c42cb6e","xero","sample_gl_2024","Sample Company 2024","2026-05-17 17:20:37","2026-05-17 17:20:37","Sales","Marketing","Google Ads","",0,6000
"sample_gl_2024__TXN-0069",69,"2024-07-09 18:30:00","EX","TXN-0069","sample_gl_2024__TXN-0069__143","6400","6400","Advertising & Marketing",6000,"Digital advertising","3c964ac3-7868-48ca-a197-53cf9629175d","8154a8df-308a-433d-bafa-e0f9c070d66a","d8f7ab35-f218-4b14-8188-bf744c42cb6e","xero","sample_gl_2024","Sample Company 2024","2026-05-17 17:20:37","2026-05-17 17:20:37","Sales","Marketing","Google Ads","",6000,0
"sample_gl_2024__TXN-0070",70,"2024-07-11 18:30:00","AP","TXN-0070","sample_gl_2024__TXN-0070__144","2000","2000","Accounts Payable",-840,"Software subscription","3c964ac3-7868-48ca-a197-53cf9629175d","8154a8df-308a-433d-bafa-e0f9c070d66a","d8f7ab35-f218-4b14-8188-bf744c42cb6e","xero","sample_gl_2024","Sample Company 2024","2026-05-17 17:20:37","2026-05-17 17:20:37","Admin","General","Microsoft 365","",0,840
"sample_gl_2024__TXN-0070",70,"2024-07-11 18:30:00","EX","TXN-0070","sample_gl_2024__TXN-0070__145","6410","6410","Website & Software",840,"Software subscription","3c964ac3-7868-48ca-a197-53cf9629175d","8154a8df-308a-433d-bafa-e0f9c070d66a","d8f7ab35-f218-4b14-8188-bf744c42cb6e","xero","sample_gl_2024","Sample Company 2024","2026-05-17 17:20:37","2026-05-17 17:20:37","Admin","General","Microsoft 365","",840,0
"sample_gl_2024__TXN-0071",71,"2024-07-14 18:30:00","PR","TXN-0071","sample_gl_2024__TXN-0071__146","6000","6000","Salaries & Wages - Admin",15350,"July payroll - admin","3c964ac3-7868-48ca-a197-53cf9629175d","8154a8df-308a-433d-bafa-e0f9c070d66a","d8f7ab35-f218-4b14-8188-bf744c42cb6e","xero","sample_gl_2024","Sample Company 2024","2026-05-17 17:20:37","2026-05-17 17:20:37","Admin","General","Payroll","",15350,0
"sample_gl_2024__TXN-0071",71,"2024-07-14 18:30:00","PR","TXN-0071","sample_gl_2024__TXN-0071__147","6010","6010","Salaries & Wages - Sales",8033,"July payroll - sales","3c964ac3-7868-48ca-a197-53cf9629175d","8154a8df-308a-433d-bafa-e0f9c070d66a","d8f7ab35-f218-4b14-8188-bf744c42cb6e","xero","sample_gl_2024","Sample Company 2024","2026-05-17 17:20:37","2026-05-17 17:20:37","Sales","General","Payroll","",8033,0
"sample_gl_2024__TXN-0071",71,"2024-07-14 18:30:00","PR","TXN-0071","sample_gl_2024__TXN-0071__148","2100","2100","Accrued Payroll",-23383,"July payroll","3c964ac3-7868-48ca-a197-53cf9629175d","8154a8df-308a-433d-bafa-e0f9c070d66a","d8f7ab35-f218-4b14-8188-bf744c42cb6e","xero","sample_gl_2024","Sample Company 2024","2026-05-17 17:20:37","2026-05-17 17:20:37","Admin","General","Payroll","",0,23383
"sample_gl_2024__TXN-0072",72,"2024-07-17 18:30:00","AP","TXN-0072","sample_gl_2024__TXN-0072__149","2000","2000","Accounts Payable",-6000,"Monthly rent","3c964ac3-7868-48ca-a197-53cf9629175d","8154a8df-308a-433d-bafa-e0f9c070d66a","d8f7ab35-f218-4b14-8188-bf744c42cb6e","xero","sample_gl_2024","Sample Company 2024","2026-05-17 17:20:37","2026-05-17 17:20:37","Admin","General","WeWork","",0,6000
"sample_gl_2024__TXN-0072",72,"2024-07-17 18:30:00","EX","TXN-0072","sample_gl_2024__TXN-0072__150","6200","6200","Rent Expense",6000,"Monthly rent","3c964ac3-7868-48ca-a197-53cf9629175d","8154a8df-308a-433d-bafa-e0f9c070d66a","d8f7ab35-f218-4b14-8188-bf744c42cb6e","xero","sample_gl_2024","Sample Company 2024","2026-05-17 17:20:37","2026-05-17 17:20:37","Admin","General","WeWork","",6000,0
"sample_gl_2024__TXN-0073",73,"2024-07-19 18:30:00","AP","TXN-0073","sample_gl_2024__TXN-0073__151","2000","2000","Accounts Payable",-38400,"Inventory purchase","3c964ac3-7868-48ca-a197-53cf9629175d","8154a8df-308a-433d-bafa-e0f9c070d66a","d8f7ab35-f218-4b14-8188-bf744c42cb6e","xero","sample_gl_2024","Sample Company 2024","2026-05-17 17:20:37","2026-05-17 17:20:37","Operations","Product","Amazon Business","",0,38400
"sample_gl_2024__TXN-0073",73,"2024-07-19 18:30:00","AS","TXN-0073","sample_gl_2024__TXN-0073__152","1200","1200","Inventory",38400,"Inventory purchase","3c964ac3-7868-48ca-a197-53cf9629175d","8154a8df-308a-433d-bafa-e0f9c070d66a","d8f7ab35-f218-4b14-8188-bf744c42cb6e","xero","sample_gl_2024","Sample Company 2024","2026-05-17 17:20:37","2026-05-17 17:20:37","Operations","Product","Amazon Business","",38400,0
"sample_gl_2024__TXN-0074",74,"2024-07-21 18:30:00","AP","TXN-0074","sample_gl_2024__TXN-0074__153","2000","2000","Accounts Payable",-1680,"Utilities","3c964ac3-7868-48ca-a197-53cf9629175d","8154a8df-308a-433d-bafa-e0f9c070d66a","d8f7ab35-f218-4b14-8188-bf744c42cb6e","xero","sample_gl_2024","Sample Company 2024","2026-05-17 17:20:37","2026-05-17 17:20:37","Admin","General","ComEd","",0,1680
"sample_gl_2024__TXN-0074",74,"2024-07-21 18:30:00","EX","TXN-0074","sample_gl_2024__TXN-0074__154","6210","6210","Utilities",1680,"Utilities","3c964ac3-7868-48ca-a197-53cf9629175d","8154a8df-308a-433d-bafa-e0f9c070d66a","d8f7ab35-f218-4b14-8188-bf744c42cb6e","xero","sample_gl_2024","Sample Company 2024","2026-05-17 17:20:37","2026-05-17 17:20:37","Admin","General","ComEd","",1680,0
"sample_gl_2024__TXN-0075",75,"2024-07-24 18:30:00","AP","TXN-0075","sample_gl_2024__TXN-0075__155","2000","2000","Accounts Payable",-3600,"Legal fees","3c964ac3-7868-48ca-a197-53cf9629175d","8154a8df-308a-433d-bafa-e0f9c070d66a","d8f7ab35-f218-4b14-8188-bf744c42cb6e","xero","sample_gl_2024","Sample Company 2024","2026-05-17 17:20:37","2026-05-17 17:20:37","Admin","General","Baker McKenzie","",0,3600
"sample_gl_2024__TXN-0075",75,"2024-07-24 18:30:00","EX","TXN-0075","sample_gl_2024__TXN-0075__156","6520","6520","Accounting & Legal",3600,"Legal fees","3c964ac3-7868-48ca-a197-53cf9629175d","8154a8df-308a-433d-bafa-e0f9c070d66a","d8f7ab35-f218-4b14-8188-bf744c42cb6e","xero","sample_gl_2024","Sample Company 2024","2026-05-17 17:20:37","2026-05-17 17:20:37","Admin","General","Baker McKenzie","",3600,0
"sample_gl_2024__TXN-0076",76,"2024-07-27 18:30:00","AP","TXN-0076","sample_gl_2024__TXN-0076__157","2000","2000","Accounts Payable",-3800,"Social media advertising","3c964ac3-7868-48ca-a197-53cf9629175d","8154a8df-308a-433d-bafa-e0f9c070d66a","d8f7ab35-f218-4b14-8188-bf744c42cb6e","xero","sample_gl_2024","Sample Company 2024","2026-05-17 17:20:37","2026-05-17 17:20:37","Sales","Marketing","Meta Ads","",0,3800
"sample_gl_2024__TXN-0076",76,"2024-07-27 18:30:00","EX","TXN-0076","sample_gl_2024__TXN-0076__158","6400","6400","Advertising & Marketing",3800,"Social media advertising","3c964ac3-7868-48ca-a197-53cf9629175d","8154a8df-308a-433d-bafa-e0f9c070d66a","d8f7ab35-f218-4b14-8188-bf744c42cb6e","xero","sample_gl_2024","Sample Company 2024","2026-05-17 17:20:37","2026-05-17 17:20:37","Sales","Marketing","Meta Ads","",3800,0
"sample_gl_2024__TXN-0077",77,"2024-08-01 18:30:00","AP","TXN-0077","sample_gl_2024__TXN-0077__159","2000","2000","Accounts Payable",-740,"Shipping charges","3c964ac3-7868-48ca-a197-53cf9629175d","8154a8df-308a-433d-bafa-e0f9c070d66a","d8f7ab35-f218-4b14-8188-bf744c42cb6e","xero","sample_gl_2024","Sample Company 2024","2026-05-17 17:20:37","2026-05-17 17:20:37","Operations","Product","UPS","",0,740
"sample_gl_2024__TXN-0077",77,"2024-08-01 18:30:00","EX","TXN-0077","sample_gl_2024__TXN-0077__160","6310","6310","Postage & Delivery",740,"Shipping charges","3c964ac3-7868-48ca-a197-53cf9629175d","8154a8df-308a-433d-bafa-e0f9c070d66a","d8f7ab35-f218-4b14-8188-bf744c42cb6e","xero","sample_gl_2024","Sample Company 2024","2026-05-17 17:20:37","2026-05-17 17:20:37","Operations","Product","UPS","",740,0
"sample_gl_2024__TXN-0078",78,"2024-08-04 18:30:00","AP","TXN-0078","sample_gl_2024__TXN-0078__161","2000","2000","Accounts Payable",-48200,"Inventory purchase","3c964ac3-7868-48ca-a197-53cf9629175d","8154a8df-308a-433d-bafa-e0f9c070d66a","d8f7ab35-f218-4b14-8188-bf744c42cb6e","xero","sample_gl_2024","Sample Company 2024","2026-05-17 17:20:37","2026-05-17 17:20:37","Operations","Product","W.W. Grainger","",0,48200
"sample_gl_2024__TXN-0078",78,"2024-08-04 18:30:00","AS","TXN-0078","sample_gl_2024__TXN-0078__162","1200","1200","Inventory",48200,"Inventory purchase","3c964ac3-7868-48ca-a197-53cf9629175d","8154a8df-308a-433d-bafa-e0f9c070d66a","d8f7ab35-f218-4b14-8188-bf744c42cb6e","xero","sample_gl_2024","Sample Company 2024","2026-05-17 17:20:37","2026-05-17 17:20:37","Operations","Product","W.W. Grainger","",48200,0
"sample_gl_2024__TXN-0079",79,"2024-08-07 18:30:00","AP","TXN-0079","sample_gl_2024__TXN-0079__163","2000","2000","Accounts Payable",-700,"Monthly phone & internet","3c964ac3-7868-48ca-a197-53cf9629175d","8154a8df-308a-433d-bafa-e0f9c070d66a","d8f7ab35-f218-4b14-8188-bf744c42cb6e","xero","sample_gl_2024","Sample Company 2024","2026-05-17 17:20:37","2026-05-17 17:20:37","Admin","General","AT&T","",0,700
"sample_gl_2024__TXN-0079",79,"2024-08-07 18:30:00","EX","TXN-0079","sample_gl_2024__TXN-0079__164","6220","6220","Internet & Phone",700,"Monthly phone & internet","3c964ac3-7868-48ca-a197-53cf9629175d","8154a8df-308a-433d-bafa-e0f9c070d66a","d8f7ab35-f218-4b14-8188-bf744c42cb6e","xero","sample_gl_2024","Sample Company 2024","2026-05-17 17:20:37","2026-05-17 17:20:37","Admin","General","AT&T","",700,0
"sample_gl_2024__TXN-0080",80,"2024-08-09 18:30:00","AP","TXN-0080","sample_gl_2024__TXN-0080__165","2000","2000","Accounts Payable",-6200,"Digital advertising","3c964ac3-7868-48ca-a197-53cf9629175d","8154a8df-308a-433d-bafa-e0f9c070d66a","d8f7ab35-f218-4b14-8188-bf744c42cb6e","xero","sample_gl_2024","Sample Company 2024","2026-05-17 17:20:37","2026-05-17 17:20:37","Sales","Marketing","Google Ads","",0,6200
"sample_gl_2024__TXN-0080",80,"2024-08-09 18:30:00","EX","TXN-0080","sample_gl_2024__TXN-0080__166","6400","6400","Advertising & Marketing",6200,"Digital advertising","3c964ac3-7868-48ca-a197-53cf9629175d","8154a8df-308a-433d-bafa-e0f9c070d66a","d8f7ab35-f218-4b14-8188-bf744c42cb6e","xero","sample_gl_2024","Sample Company 2024","2026-05-17 17:20:37","2026-05-17 17:20:37","Sales","Marketing","Google Ads","",6200,0
"sample_gl_2024__TXN-0081",81,"2024-08-11 18:30:00","AP","TXN-0081","sample_gl_2024__TXN-0081__167","2000","2000","Accounts Payable",-5600,"Q4 insurance premium","3c964ac3-7868-48ca-a197-53cf9629175d","8154a8df-308a-433d-bafa-e0f9c070d66a","d8f7ab35-f218-4b14-8188-bf744c42cb6e","xero","sample_gl_2024","Sample Company 2024","2026-05-17 17:20:37","2026-05-17 17:20:37","Admin","General","Travelers Insurance","",0,5600
"sample_gl_2024__TXN-0081",81,"2024-08-11 18:30:00","EX","TXN-0081","sample_gl_2024__TXN-0081__168","6500","6500","Insurance",5600,"Q4 insurance premium","3c964ac3-7868-48ca-a197-53cf9629175d","8154a8df-308a-433d-bafa-e0f9c070d66a","d8f7ab35-f218-4b14-8188-bf744c42cb6e","xero","sample_gl_2024","Sample Company 2024","2026-05-17 17:20:37","2026-05-17 17:20:37","Admin","General","Travelers Insurance","",5600,0
"sample_gl_2024__TXN-0082",82,"2024-08-14 18:30:00","PR","TXN-0082","sample_gl_2024__TXN-0082__169","6000","6000","Salaries & Wages - Admin",15350,"August payroll - admin","3c964ac3-7868-48ca-a197-53cf9629175d","8154a8df-308a-433d-bafa-e0f9c070d66a","d8f7ab35-f218-4b14-8188-bf744c42cb6e","xero","sample_gl_2024","Sample Company 2024","2026-05-17 17:20:37","2026-05-17 17:20:37","Admin","General","Payroll","",15350,0
"sample_gl_2024__TXN-0082",82,"2024-08-14 18:30:00","PR","TXN-0082","sample_gl_2024__TXN-0082__170","6010","6010","Salaries & Wages - Sales",8033,"August payroll - sales","3c964ac3-7868-48ca-a197-53cf9629175d","8154a8df-308a-433d-bafa-e0f9c070d66a","d8f7ab35-f218-4b14-8188-bf744c42cb6e","xero","sample_gl_2024","Sample Company 2024","2026-05-17 17:20:37","2026-05-17 17:20:37","Sales","General","Payroll","",8033,0
"sample_gl_2024__TXN-0082",82,"2024-08-14 18:30:00","PR","TXN-0082","sample_gl_2024__TXN-0082__171","2100","2100","Accrued Payroll",-23383,"August payroll","3c964ac3-7868-48ca-a197-53cf9629175d","8154a8df-308a-433d-bafa-e0f9c070d66a","d8f7ab35-f218-4b14-8188-bf744c42cb6e","xero","sample_gl_2024","Sample Company 2024","2026-05-17 17:20:37","2026-05-17 17:20:37","Admin","General","Payroll","",0,23383
"sample_gl_2024__TXN-0083",83,"2024-08-17 18:30:00","AP","TXN-0083","sample_gl_2024__TXN-0083__172","2000","2000","Accounts Payable",-6000,"Monthly rent","3c964ac3-7868-48ca-a197-53cf9629175d","8154a8df-308a-433d-bafa-e0f9c070d66a","d8f7ab35-f218-4b14-8188-bf744c42cb6e","xero","sample_gl_2024","Sample Company 2024","2026-05-17 17:20:37","2026-05-17 17:20:37","Admin","General","WeWork","",0,6000
"sample_gl_2024__TXN-0083",83,"2024-08-17 18:30:00","EX","TXN-0083","sample_gl_2024__TXN-0083__173","6200","6200","Rent Expense",6000,"Monthly rent","3c964ac3-7868-48ca-a197-53cf9629175d","8154a8df-308a-433d-bafa-e0f9c070d66a","d8f7ab35-f218-4b14-8188-bf744c42cb6e","xero","sample_gl_2024","Sample Company 2024","2026-05-17 17:20:37","2026-05-17 17:20:37","Admin","General","WeWork","",6000,0
"sample_gl_2024__TXN-0084",84,"2024-08-19 18:30:00","AP","TXN-0084","sample_gl_2024__TXN-0084__174","2000","2000","Accounts Payable",-1200,"CRM subscription","3c964ac3-7868-48ca-a197-53cf9629175d","8154a8df-308a-433d-bafa-e0f9c070d66a","d8f7ab35-f218-4b14-8188-bf744c42cb6e","xero","sample_gl_2024","Sample Company 2024","2026-05-17 17:20:37","2026-05-17 17:20:37","Sales","Marketing","Salesforce","",0,1200
"sample_gl_2024__TXN-0084",84,"2024-08-19 18:30:00","EX","TXN-0084","sample_gl_2024__TXN-0084__175","6410","6410","Website & Software",1200,"CRM subscription","3c964ac3-7868-48ca-a197-53cf9629175d","8154a8df-308a-433d-bafa-e0f9c070d66a","d8f7ab35-f218-4b14-8188-bf744c42cb6e","xero","sample_gl_2024","Sample Company 2024","2026-05-17 17:20:37","2026-05-17 17:20:37","Sales","Marketing","Salesforce","",1200,0
"sample_gl_2024__TXN-0085",85,"2024-08-21 18:30:00","AP","TXN-0085","sample_gl_2024__TXN-0085__176","2000","2000","Accounts Payable",-1420,"Utilities","3c964ac3-7868-48ca-a197-53cf9629175d","8154a8df-308a-433d-bafa-e0f9c070d66a","d8f7ab35-f218-4b14-8188-bf744c42cb6e","xero","sample_gl_2024","Sample Company 2024","2026-05-17 17:20:37","2026-05-17 17:20:37","Admin","General","ComEd","",0,1420
"sample_gl_2024__TXN-0085",85,"2024-08-21 18:30:00","EX","TXN-0085","sample_gl_2024__TXN-0085__177","6210","6210","Utilities",1420,"Utilities","3c964ac3-7868-48ca-a197-53cf9629175d","8154a8df-308a-433d-bafa-e0f9c070d66a","d8f7ab35-f218-4b14-8188-bf744c42cb6e","xero","sample_gl_2024","Sample Company 2024","2026-05-17 17:20:37","2026-05-17 17:20:37","Admin","General","ComEd","",1420,0
"sample_gl_2024__TXN-0086",86,"2024-08-25 18:30:00","AP","TXN-0086","sample_gl_2024__TXN-0086__178","2000","2000","Accounts Payable",-7400,"Audit preparation","3c964ac3-7868-48ca-a197-53cf9629175d","8154a8df-308a-433d-bafa-e0f9c070d66a","d8f7ab35-f218-4b14-8188-bf744c42cb6e","xero","sample_gl_2024","Sample Company 2024","2026-05-17 17:20:37","2026-05-17 17:20:37","Admin","General","Deloitte","",0,7400
"sample_gl_2024__TXN-0086",86,"2024-08-25 18:30:00","EX","TXN-0086","sample_gl_2024__TXN-0086__179","6520","6520","Accounting & Legal",7400,"Audit preparation","3c964ac3-7868-48ca-a197-53cf9629175d","8154a8df-308a-433d-bafa-e0f9c070d66a","d8f7ab35-f218-4b14-8188-bf744c42cb6e","xero","sample_gl_2024","Sample Company 2024","2026-05-17 17:20:37","2026-05-17 17:20:37","Admin","General","Deloitte","",7400,0
"sample_gl_2024__TXN-0087",87,"2024-08-27 18:30:00","AP","TXN-0087","sample_gl_2024__TXN-0087__180","2000","2000","Accounts Payable",-680,"Office supplies","3c964ac3-7868-48ca-a197-53cf9629175d","8154a8df-308a-433d-bafa-e0f9c070d66a","d8f7ab35-f218-4b14-8188-bf744c42cb6e","xero","sample_gl_2024","Sample Company 2024","2026-05-17 17:20:37","2026-05-17 17:20:37","Admin","General","Office Depot","",0,680
"sample_gl_2024__TXN-0087",87,"2024-08-27 18:30:00","EX","TXN-0087","sample_gl_2024__TXN-0087__181","6300","6300","Office Supplies",680,"Office supplies","3c964ac3-7868-48ca-a197-53cf9629175d","8154a8df-308a-433d-bafa-e0f9c070d66a","d8f7ab35-f218-4b14-8188-bf744c42cb6e","xero","sample_gl_2024","Sample Company 2024","2026-05-17 17:20:37","2026-05-17 17:20:37","Admin","General","Office Depot","",680,0
"sample_gl_2024__TXN-0088",88,"2024-09-02 18:30:00","AP","TXN-0088","sample_gl_2024__TXN-0088__182","2000","2000","Accounts Payable",-820,"Shipping charges","3c964ac3-7868-48ca-a197-53cf9629175d","8154a8df-308a-433d-bafa-e0f9c070d66a","d8f7ab35-f218-4b14-8188-bf744c42cb6e","xero","sample_gl_2024","Sample Company 2024","2026-05-17 17:20:37","2026-05-17 17:20:37","Operations","Product","FedEx","",0,820
"sample_gl_2024__TXN-0088",88,"2024-09-02 18:30:00","EX","TXN-0088","sample_gl_2024__TXN-0088__183","6310","6310","Postage & Delivery",820,"Shipping charges","3c964ac3-7868-48ca-a197-53cf9629175d","8154a8df-308a-433d-bafa-e0f9c070d66a","d8f7ab35-f218-4b14-8188-bf744c42cb6e","xero","sample_gl_2024","Sample Company 2024","2026-05-17 17:20:37","2026-05-17 17:20:37","Operations","Product","FedEx","",820,0
"sample_gl_2024__TXN-0089",89,"2024-09-04 18:30:00","AP","TXN-0089","sample_gl_2024__TXN-0089__184","2000","2000","Accounts Payable",-52400,"Inventory purchase","3c964ac3-7868-48ca-a197-53cf9629175d","8154a8df-308a-433d-bafa-e0f9c070d66a","d8f7ab35-f218-4b14-8188-bf744c42cb6e","xero","sample_gl_2024","Sample Company 2024","2026-05-17 17:20:37","2026-05-17 17:20:37","Operations","Product","Grainger Industrial","",0,52400
"sample_gl_2024__TXN-0089",89,"2024-09-04 18:30:00","AS","TXN-0089","sample_gl_2024__TXN-0089__185","1200","1200","Inventory",52400,"Inventory purchase","3c964ac3-7868-48ca-a197-53cf9629175d","8154a8df-308a-433d-bafa-e0f9c070d66a","d8f7ab35-f218-4b14-8188-bf744c42cb6e","xero","sample_gl_2024","Sample Company 2024","2026-05-17 17:20:37","2026-05-17 17:20:37","Operations","Product","Grainger Industrial","",52400,0
"sample_gl_2024__TXN-0090",90,"2024-09-07 18:30:00","AP","TXN-0090","sample_gl_2024__TXN-0090__186","2000","2000","Accounts Payable",-700,"Monthly phone & internet","3c964ac3-7868-48ca-a197-53cf9629175d","8154a8df-308a-433d-bafa-e0f9c070d66a","d8f7ab35-f218-4b14-8188-bf744c42cb6e","xero","sample_gl_2024","Sample Company 2024","2026-05-17 17:20:37","2026-05-17 17:20:37","Admin","General","AT&T","",0,700
"sample_gl_2024__TXN-0090",90,"2024-09-07 18:30:00","EX","TXN-0090","sample_gl_2024__TXN-0090__187","6220","6220","Internet & Phone",700,"Monthly phone & internet","3c964ac3-7868-48ca-a197-53cf9629175d","8154a8df-308a-433d-bafa-e0f9c070d66a","d8f7ab35-f218-4b14-8188-bf744c42cb6e","xero","sample_gl_2024","Sample Company 2024","2026-05-17 17:20:37","2026-05-17 17:20:37","Admin","General","AT&T","",700,0
"sample_gl_2024__TXN-0091",91,"2024-09-09 18:30:00","AP","TXN-0091","sample_gl_2024__TXN-0091__188","2000","2000","Accounts Payable",-6800,"Digital advertising","3c964ac3-7868-48ca-a197-53cf9629175d","8154a8df-308a-433d-bafa-e0f9c070d66a","d8f7ab35-f218-4b14-8188-bf744c42cb6e","xero","sample_gl_2024","Sample Company 2024","2026-05-17 17:20:37","2026-05-17 17:20:37","Sales","Marketing","Google Ads","",0,6800
"sample_gl_2024__TXN-0091",91,"2024-09-09 18:30:00","EX","TXN-0091","sample_gl_2024__TXN-0091__189","6400","6400","Advertising & Marketing",6800,"Digital advertising","3c964ac3-7868-48ca-a197-53cf9629175d","8154a8df-308a-433d-bafa-e0f9c070d66a","d8f7ab35-f218-4b14-8188-bf744c42cb6e","xero","sample_gl_2024","Sample Company 2024","2026-05-17 17:20:37","2026-05-17 17:20:37","Sales","Marketing","Google Ads","",6800,0
"sample_gl_2024__TXN-0092",92,"2024-09-11 18:30:00","AP","TXN-0092","sample_gl_2024__TXN-0092__190","2000","2000","Accounts Payable",-840,"Software subscription","3c964ac3-7868-48ca-a197-53cf9629175d","8154a8df-308a-433d-bafa-e0f9c070d66a","d8f7ab35-f218-4b14-8188-bf744c42cb6e","xero","sample_gl_2024","Sample Company 2024","2026-05-17 17:20:37","2026-05-17 17:20:37","Admin","General","Microsoft 365","",0,840
"sample_gl_2024__TXN-0092",92,"2024-09-11 18:30:00","EX","TXN-0092","sample_gl_2024__TXN-0092__191","6410","6410","Website & Software",840,"Software subscription","3c964ac3-7868-48ca-a197-53cf9629175d","8154a8df-308a-433d-bafa-e0f9c070d66a","d8f7ab35-f218-4b14-8188-bf744c42cb6e","xero","sample_gl_2024","Sample Company 2024","2026-05-17 17:20:37","2026-05-17 17:20:37","Admin","General","Microsoft 365","",840,0
"sample_gl_2024__TXN-0093",93,"2024-09-14 18:30:00","PR","TXN-0093","sample_gl_2024__TXN-0093__192","6000","6000","Salaries & Wages - Admin",15350,"September payroll - admin","3c964ac3-7868-48ca-a197-53cf9629175d","8154a8df-308a-433d-bafa-e0f9c070d66a","d8f7ab35-f218-4b14-8188-bf744c42cb6e","xero","sample_gl_2024","Sample Company 2024","2026-05-17 17:20:37","2026-05-17 17:20:37","Admin","General","Payroll","",15350,0
"sample_gl_2024__TXN-0093",93,"2024-09-14 18:30:00","PR","TXN-0093","sample_gl_2024__TXN-0093__193","6010","6010","Salaries & Wages - Sales",8033,"September payroll - sales","3c964ac3-7868-48ca-a197-53cf9629175d","8154a8df-308a-433d-bafa-e0f9c070d66a","d8f7ab35-f218-4b14-8188-bf744c42cb6e","xero","sample_gl_2024","Sample Company 2024","2026-05-17 17:20:37","2026-05-17 17:20:37","Sales","General","Payroll","",8033,0
"sample_gl_2024__TXN-0093",93,"2024-09-14 18:30:00","PR","TXN-0093","sample_gl_2024__TXN-0093__194","2100","2100","Accrued Payroll",-23383,"September payroll","3c964ac3-7868-48ca-a197-53cf9629175d","8154a8df-308a-433d-bafa-e0f9c070d66a","d8f7ab35-f218-4b14-8188-bf744c42cb6e","xero","sample_gl_2024","Sample Company 2024","2026-05-17 17:20:37","2026-05-17 17:20:37","Admin","General","Payroll","",0,23383
"sample_gl_2024__TXN-0094",94,"2024-09-17 18:30:00","AP","TXN-0094","sample_gl_2024__TXN-0094__195","2000","2000","Accounts Payable",-6000,"Monthly rent","3c964ac3-7868-48ca-a197-53cf9629175d","8154a8df-308a-433d-bafa-e0f9c070d66a","d8f7ab35-f218-4b14-8188-bf744c42cb6e","xero","sample_gl_2024","Sample Company 2024","2026-05-17 17:20:37","2026-05-17 17:20:37","Admin","General","WeWork","",0,6000
"sample_gl_2024__TXN-0094",94,"2024-09-17 18:30:00","EX","TXN-0094","sample_gl_2024__TXN-0094__196","6200","6200","Rent Expense",6000,"Monthly rent","3c964ac3-7868-48ca-a197-53cf9629175d","8154a8df-308a-433d-bafa-e0f9c070d66a","d8f7ab35-f218-4b14-8188-bf744c42cb6e","xero","sample_gl_2024","Sample Company 2024","2026-05-17 17:20:37","2026-05-17 17:20:37","Admin","General","WeWork","",6000,0
"sample_gl_2024__TXN-0095",95,"2024-09-19 18:30:00","AP","TXN-0095","sample_gl_2024__TXN-0095__197","2000","2000","Accounts Payable",-44600,"Inventory purchase","3c964ac3-7868-48ca-a197-53cf9629175d","8154a8df-308a-433d-bafa-e0f9c070d66a","d8f7ab35-f218-4b14-8188-bf744c42cb6e","xero","sample_gl_2024","Sample Company 2024","2026-05-17 17:20:37","2026-05-17 17:20:37","Operations","Product","Amazon Business","",0,44600
"sample_gl_2024__TXN-0095",95,"2024-09-19 18:30:00","AS","TXN-0095","sample_gl_2024__TXN-0095__198","1200","1200","Inventory",44600,"Inventory purchase","3c964ac3-7868-48ca-a197-53cf9629175d","8154a8df-308a-433d-bafa-e0f9c070d66a","d8f7ab35-f218-4b14-8188-bf744c42cb6e","xero","sample_gl_2024","Sample Company 2024","2026-05-17 17:20:37","2026-05-17 17:20:37","Operations","Product","Amazon Business","",44600,0
"sample_gl_2024__TXN-0096",96,"2024-09-21 18:30:00","AP","TXN-0096","sample_gl_2024__TXN-0096__199","2000","2000","Accounts Payable",-1260,"Utilities","3c964ac3-7868-48ca-a197-53cf9629175d","8154a8df-308a-433d-bafa-e0f9c070d66a","d8f7ab35-f218-4b14-8188-bf744c42cb6e","xero","sample_gl_2024","Sample Company 2024","2026-05-17 17:20:37","2026-05-17 17:20:37","Admin","General","ComEd","",0,1260
"sample_gl_2024__TXN-0096",96,"2024-09-21 18:30:00","EX","TXN-0096","sample_gl_2024__TXN-0096__200","6210","6210","Utilities",1260,"Utilities","3c964ac3-7868-48ca-a197-53cf9629175d","8154a8df-308a-433d-bafa-e0f9c070d66a","d8f7ab35-f218-4b14-8188-bf744c42cb6e","xero","sample_gl_2024","Sample Company 2024","2026-05-17 17:20:37","2026-05-17 17:20:37","Admin","General","ComEd","",1260,0
"sample_gl_2024__TXN-0097",97,"2024-09-24 18:30:00","TR","TXN-0097","sample_gl_2024__TXN-0097__201","6600","6600","Travel & Entertainment",2200,"Q3 sales travel","3c964ac3-7868-48ca-a197-53cf9629175d","8154a8df-308a-433d-bafa-e0f9c070d66a","d8f7ab35-f218-4b14-8188-bf744c42cb6e","xero","sample_gl_2024","Sample Company 2024","2026-05-17 17:20:37","2026-05-17 17:20:37","Sales","General","Hilton/Southwest","",2200,0
"sample_gl_2024__TXN-0097",97,"2024-09-24 18:30:00","AP","TXN-0097","sample_gl_2024__TXN-0097__202","2000","2000","Accounts Payable",-2200,"Q3 sales travel","3c964ac3-7868-48ca-a197-53cf9629175d","8154a8df-308a-433d-bafa-e0f9c070d66a","d8f7ab35-f218-4b14-8188-bf744c42cb6e","xero","sample_gl_2024","Sample Company 2024","2026-05-17 17:20:37","2026-05-17 17:20:37","Sales","General","Hilton/Southwest","",0,2200
"sample_gl_2024__TXN-0098",98,"2024-09-27 18:30:00","AP","TXN-0098","sample_gl_2024__TXN-0098__203","2000","2000","Accounts Payable",-4200,"Social media advertising","3c964ac3-7868-48ca-a197-53cf9629175d","8154a8df-308a-433d-bafa-e0f9c070d66a","d8f7ab35-f218-4b14-8188-bf744c42cb6e","xero","sample_gl_2024","Sample Company 2024","2026-05-17 17:20:37","2026-05-17 17:20:37","Sales","Marketing","Meta Ads","",0,4200
"sample_gl_2024__TXN-0098",98,"2024-09-27 18:30:00","EX","TXN-0098","sample_gl_2024__TXN-0098__204","6400","6400","Advertising & Marketing",4200,"Social media advertising","3c964ac3-7868-48ca-a197-53cf9629175d","8154a8df-308a-433d-bafa-e0f9c070d66a","d8f7ab35-f218-4b14-8188-bf744c42cb6e","xero","sample_gl_2024","Sample Company 2024","2026-05-17 17:20:37","2026-05-17 17:20:37","Sales","Marketing","Meta Ads","",4200,0
"sample_gl_2024__TXN-0099",99,"2024-10-01 18:30:00","AP","TXN-0099","sample_gl_2024__TXN-0099__205","2000","2000","Accounts Payable",-880,"Shipping charges","3c964ac3-7868-48ca-a197-53cf9629175d","8154a8df-308a-433d-bafa-e0f9c070d66a","d8f7ab35-f218-4b14-8188-bf744c42cb6e","xero","sample_gl_2024","Sample Company 2024","2026-05-17 17:20:37","2026-05-17 17:20:37","Operations","Product","UPS","",0,880
"sample_gl_2024__TXN-0099",99,"2024-10-01 18:30:00","EX","TXN-0099","sample_gl_2024__TXN-0099__206","6310","6310","Postage & Delivery",880,"Shipping charges","3c964ac3-7868-48ca-a197-53cf9629175d","8154a8df-308a-433d-bafa-e0f9c070d66a","d8f7ab35-f218-4b14-8188-bf744c42cb6e","xero","sample_gl_2024","Sample Company 2024","2026-05-17 17:20:37","2026-05-17 17:20:37","Operations","Product","UPS","",880,0
"sample_gl_2024__TXN-0100",100,"2024-10-04 18:30:00","AP","TXN-0100","sample_gl_2024__TXN-0100__207","2000","2000","Accounts Payable",-56200,"Inventory purchase","3c964ac3-7868-48ca-a197-53cf9629175d","8154a8df-308a-433d-bafa-e0f9c070d66a","d8f7ab35-f218-4b14-8188-bf744c42cb6e","xero","sample_gl_2024","Sample Company 2024","2026-05-17 17:20:37","2026-05-17 17:20:37","Operations","Product","W.W. Grainger","",0,56200
"sample_gl_2024__TXN-0100",100,"2024-10-04 18:30:00","AS","TXN-0100","sample_gl_2024__TXN-0100__208","1200","1200","Inventory",56200,"Inventory purchase","3c964ac3-7868-48ca-a197-53cf9629175d","8154a8df-308a-433d-bafa-e0f9c070d66a","d8f7ab35-f218-4b14-8188-bf744c42cb6e","xero","sample_gl_2024","Sample Company 2024","2026-05-17 17:20:37","2026-05-17 17:20:37","Operations","Product","W.W. Grainger","",56200,0
"sample_gl_2024__TXN-0101",101,"2024-10-07 18:30:00","AP","TXN-0101","sample_gl_2024__TXN-0101__209","2000","2000","Accounts Payable",-700,"Monthly phone & internet","3c964ac3-7868-48ca-a197-53cf9629175d","8154a8df-308a-433d-bafa-e0f9c070d66a","d8f7ab35-f218-4b14-8188-bf744c42cb6e","xero","sample_gl_2024","Sample Company 2024","2026-05-17 17:20:37","2026-05-17 17:20:37","Admin","General","AT&T","",0,700
"sample_gl_2024__TXN-0101",101,"2024-10-07 18:30:00","EX","TXN-0101","sample_gl_2024__TXN-0101__210","6220","6220","Internet & Phone",700,"Monthly phone & internet","3c964ac3-7868-48ca-a197-53cf9629175d","8154a8df-308a-433d-bafa-e0f9c070d66a","d8f7ab35-f218-4b14-8188-bf744c42cb6e","xero","sample_gl_2024","Sample Company 2024","2026-05-17 17:20:37","2026-05-17 17:20:37","Admin","General","AT&T","",700,0
"sample_gl_2024__TXN-0102",102,"2024-10-09 18:30:00","AP","TXN-0102","sample_gl_2024__TXN-0102__211","2000","2000","Accounts Payable",-8400,"Q4 campaign launch","3c964ac3-7868-48ca-a197-53cf9629175d","8154a8df-308a-433d-bafa-e0f9c070d66a","d8f7ab35-f218-4b14-8188-bf744c42cb6e","xero","sample_gl_2024","Sample Company 2024","2026-05-17 17:20:37","2026-05-17 17:20:37","Sales","Marketing","Google Ads","",0,8400
"sample_gl_2024__TXN-0102",102,"2024-10-09 18:30:00","EX","TXN-0102","sample_gl_2024__TXN-0102__212","6400","6400","Advertising & Marketing",8400,"Q4 campaign launch","3c964ac3-7868-48ca-a197-53cf9629175d","8154a8df-308a-433d-bafa-e0f9c070d66a","d8f7ab35-f218-4b14-8188-bf744c42cb6e","xero","sample_gl_2024","Sample Company 2024","2026-05-17 17:20:37","2026-05-17 17:20:37","Sales","Marketing","Google Ads","",8400,0
"sample_gl_2024__TXN-0103",103,"2024-10-11 18:30:00","AP","TXN-0103","sample_gl_2024__TXN-0103__213","2000","2000","Accounts Payable",-1200,"CRM subscription","3c964ac3-7868-48ca-a197-53cf9629175d","8154a8df-308a-433d-bafa-e0f9c070d66a","d8f7ab35-f218-4b14-8188-bf744c42cb6e","xero","sample_gl_2024","Sample Company 2024","2026-05-17 17:20:37","2026-05-17 17:20:37","Sales","Marketing","Salesforce","",0,1200
"sample_gl_2024__TXN-0103",103,"2024-10-11 18:30:00","EX","TXN-0103","sample_gl_2024__TXN-0103__214","6410","6410","Website & Software",1200,"CRM subscription","3c964ac3-7868-48ca-a197-53cf9629175d","8154a8df-308a-433d-bafa-e0f9c070d66a","d8f7ab35-f218-4b14-8188-bf744c42cb6e","xero","sample_gl_2024","Sample Company 2024","2026-05-17 17:20:37","2026-05-17 17:20:37","Sales","Marketing","Salesforce","",1200,0
"sample_gl_2024__TXN-0104",104,"2024-10-14 18:30:00","PR","TXN-0104","sample_gl_2024__TXN-0104__215","6000","6000","Salaries & Wages - Admin",15350,"October payroll - admin","3c964ac3-7868-48ca-a197-53cf9629175d","8154a8df-308a-433d-bafa-e0f9c070d66a","d8f7ab35-f218-4b14-8188-bf744c42cb6e","xero","sample_gl_2024","Sample Company 2024","2026-05-17 17:20:37","2026-05-17 17:20:37","Admin","General","Payroll","",15350,0
"sample_gl_2024__TXN-0104",104,"2024-10-14 18:30:00","PR","TXN-0104","sample_gl_2024__TXN-0104__216","6010","6010","Salaries & Wages - Sales",8033,"October payroll - sales","3c964ac3-7868-48ca-a197-53cf9629175d","8154a8df-308a-433d-bafa-e0f9c070d66a","d8f7ab35-f218-4b14-8188-bf744c42cb6e","xero","sample_gl_2024","Sample Company 2024","2026-05-17 17:20:37","2026-05-17 17:20:37","Sales","General","Payroll","",8033,0
"sample_gl_2024__TXN-0104",104,"2024-10-14 18:30:00","PR","TXN-0104","sample_gl_2024__TXN-0104__217","2100","2100","Accrued Payroll",-23383,"October payroll","3c964ac3-7868-48ca-a197-53cf9629175d","8154a8df-308a-433d-bafa-e0f9c070d66a","d8f7ab35-f218-4b14-8188-bf744c42cb6e","xero","sample_gl_2024","Sample Company 2024","2026-05-17 17:20:37","2026-05-17 17:20:37","Admin","General","Payroll","",0,23383
"sample_gl_2024__TXN-0105",105,"2024-10-17 18:30:00","AP","TXN-0105","sample_gl_2024__TXN-0105__218","2000","2000","Accounts Payable",-6000,"Monthly rent","3c964ac3-7868-48ca-a197-53cf9629175d","8154a8df-308a-433d-bafa-e0f9c070d66a","d8f7ab35-f218-4b14-8188-bf744c42cb6e","xero","sample_gl_2024","Sample Company 2024","2026-05-17 17:20:37","2026-05-17 17:20:37","Admin","General","WeWork","",0,6000
"sample_gl_2024__TXN-0105",105,"2024-10-17 18:30:00","EX","TXN-0105","sample_gl_2024__TXN-0105__219","6200","6200","Rent Expense",6000,"Monthly rent","3c964ac3-7868-48ca-a197-53cf9629175d","8154a8df-308a-433d-bafa-e0f9c070d66a","d8f7ab35-f218-4b14-8188-bf744c42cb6e","xero","sample_gl_2024","Sample Company 2024","2026-05-17 17:20:37","2026-05-17 17:20:37","Admin","General","WeWork","",6000,0
"sample_gl_2024__TXN-0106",106,"2024-10-19 18:30:00","AP","TXN-0106","sample_gl_2024__TXN-0106__220","2000","2000","Accounts Payable",-9200,"Year-end audit planning","3c964ac3-7868-48ca-a197-53cf9629175d","8154a8df-308a-433d-bafa-e0f9c070d66a","d8f7ab35-f218-4b14-8188-bf744c42cb6e","xero","sample_gl_2024","Sample Company 2024","2026-05-17 17:20:37","2026-05-17 17:20:37","Admin","General","Deloitte","",0,9200
"sample_gl_2024__TXN-0106",106,"2024-10-19 18:30:00","EX","TXN-0106","sample_gl_2024__TXN-0106__221","6520","6520","Accounting & Legal",9200,"Year-end audit planning","3c964ac3-7868-48ca-a197-53cf9629175d","8154a8df-308a-433d-bafa-e0f9c070d66a","d8f7ab35-f218-4b14-8188-bf744c42cb6e","xero","sample_gl_2024","Sample Company 2024","2026-05-17 17:20:37","2026-05-17 17:20:37","Admin","General","Deloitte","",9200,0
"sample_gl_2024__TXN-0107",107,"2024-10-21 18:30:00","AP","TXN-0107","sample_gl_2024__TXN-0107__222","2000","2000","Accounts Payable",-1380,"Utilities","3c964ac3-7868-48ca-a197-53cf9629175d","8154a8df-308a-433d-bafa-e0f9c070d66a","d8f7ab35-f218-4b14-8188-bf744c42cb6e","xero","sample_gl_2024","Sample Company 2024","2026-05-17 17:20:37","2026-05-17 17:20:37","Admin","General","ComEd","",0,1380
"sample_gl_2024__TXN-0107",107,"2024-10-21 18:30:00","EX","TXN-0107","sample_gl_2024__TXN-0107__223","6210","6210","Utilities",1380,"Utilities","3c964ac3-7868-48ca-a197-53cf9629175d","8154a8df-308a-433d-bafa-e0f9c070d66a","d8f7ab35-f218-4b14-8188-bf744c42cb6e","xero","sample_gl_2024","Sample Company 2024","2026-05-17 17:20:37","2026-05-17 17:20:37","Admin","General","ComEd","",1380,0
"sample_gl_2024__TXN-0108",108,"2024-10-24 18:30:00","AP","TXN-0108","sample_gl_2024__TXN-0108__224","2000","2000","Accounts Payable",-48600,"Inventory purchase","3c964ac3-7868-48ca-a197-53cf9629175d","8154a8df-308a-433d-bafa-e0f9c070d66a","d8f7ab35-f218-4b14-8188-bf744c42cb6e","xero","sample_gl_2024","Sample Company 2024","2026-05-17 17:20:37","2026-05-17 17:20:37","Operations","Product","Grainger Industrial","",0,48600
"sample_gl_2024__TXN-0108",108,"2024-10-24 18:30:00","AS","TXN-0108","sample_gl_2024__TXN-0108__225","1200","1200","Inventory",48600,"Inventory purchase","3c964ac3-7868-48ca-a197-53cf9629175d","8154a8df-308a-433d-bafa-e0f9c070d66a","d8f7ab35-f218-4b14-8188-bf744c42cb6e","xero","sample_gl_2024","Sample Company 2024","2026-05-17 17:20:37","2026-05-17 17:20:37","Operations","Product","Grainger Industrial","",48600,0
"sample_gl_2024__TXN-0109",109,"2024-10-27 18:30:00","AP","TXN-0109","sample_gl_2024__TXN-0109__226","2000","2000","Accounts Payable",-760,"Office supplies","3c964ac3-7868-48ca-a197-53cf9629175d","8154a8df-308a-433d-bafa-e0f9c070d66a","d8f7ab35-f218-4b14-8188-bf744c42cb6e","xero","sample_gl_2024","Sample Company 2024","2026-05-17 17:20:37","2026-05-17 17:20:37","Admin","General","Office Depot","",0,760
"sample_gl_2024__TXN-0109",109,"2024-10-27 18:30:00","EX","TXN-0109","sample_gl_2024__TXN-0109__227","6300","6300","Office Supplies",760,"Office supplies","3c964ac3-7868-48ca-a197-53cf9629175d","8154a8df-308a-433d-bafa-e0f9c070d66a","d8f7ab35-f218-4b14-8188-bf744c42cb6e","xero","sample_gl_2024","Sample Company 2024","2026-05-17 17:20:37","2026-05-17 17:20:37","Admin","General","Office Depot","",760,0
"sample_gl_2024__TXN-0110",110,"2024-11-01 18:30:00","AP","TXN-0110","sample_gl_2024__TXN-0110__228","2000","2000","Accounts Payable",-960,"Shipping charges","3c964ac3-7868-48ca-a197-53cf9629175d","8154a8df-308a-433d-bafa-e0f9c070d66a","d8f7ab35-f218-4b14-8188-bf744c42cb6e","xero","sample_gl_2024","Sample Company 2024","2026-05-17 17:20:37","2026-05-17 17:20:37","Operations","Product","FedEx","",0,960
"sample_gl_2024__TXN-0110",110,"2024-11-01 18:30:00","EX","TXN-0110","sample_gl_2024__TXN-0110__229","6310","6310","Postage & Delivery",960,"Shipping charges","3c964ac3-7868-48ca-a197-53cf9629175d","8154a8df-308a-433d-bafa-e0f9c070d66a","d8f7ab35-f218-4b14-8188-bf744c42cb6e","xero","sample_gl_2024","Sample Company 2024","2026-05-17 17:20:37","2026-05-17 17:20:37","Operations","Product","FedEx","",960,0
"sample_gl_2024__TXN-0111",111,"2024-11-04 18:30:00","AP","TXN-0111","sample_gl_2024__TXN-0111__230","2000","2000","Accounts Payable",-62400,"Inventory purchase","3c964ac3-7868-48ca-a197-53cf9629175d","8154a8df-308a-433d-bafa-e0f9c070d66a","d8f7ab35-f218-4b14-8188-bf744c42cb6e","xero","sample_gl_2024","Sample Company 2024","2026-05-17 17:20:37","2026-05-17 17:20:37","Operations","Product","Amazon Business","",0,62400
"sample_gl_2024__TXN-0111",111,"2024-11-04 18:30:00","AS","TXN-0111","sample_gl_2024__TXN-0111__231","1200","1200","Inventory",62400,"Inventory purchase","3c964ac3-7868-48ca-a197-53cf9629175d","8154a8df-308a-433d-bafa-e0f9c070d66a","d8f7ab35-f218-4b14-8188-bf744c42cb6e","xero","sample_gl_2024","Sample Company 2024","2026-05-17 17:20:37","2026-05-17 17:20:37","Operations","Product","Amazon Business","",62400,0
"sample_gl_2024__TXN-0112",112,"2024-11-07 18:30:00","AP","TXN-0112","sample_gl_2024__TXN-0112__232","2000","2000","Accounts Payable",-700,"Monthly phone & internet","3c964ac3-7868-48ca-a197-53cf9629175d","8154a8df-308a-433d-bafa-e0f9c070d66a","d8f7ab35-f218-4b14-8188-bf744c42cb6e","xero","sample_gl_2024","Sample Company 2024","2026-05-17 17:20:37","2026-05-17 17:20:37","Admin","General","AT&T","",0,700
"sample_gl_2024__TXN-0112",112,"2024-11-07 18:30:00","EX","TXN-0112","sample_gl_2024__TXN-0112__233","6220","6220","Internet & Phone",700,"Monthly phone & internet","3c964ac3-7868-48ca-a197-53cf9629175d","8154a8df-308a-433d-bafa-e0f9c070d66a","d8f7ab35-f218-4b14-8188-bf744c42cb6e","xero","sample_gl_2024","Sample Company 2024","2026-05-17 17:20:37","2026-05-17 17:20:37","Admin","General","AT&T","",700,0
"sample_gl_2024__TXN-0113",113,"2024-11-09 18:30:00","AP","TXN-0113","sample_gl_2024__TXN-0113__234","2000","2000","Accounts Payable",-10200,"Holiday season campaign","3c964ac3-7868-48ca-a197-53cf9629175d","8154a8df-308a-433d-bafa-e0f9c070d66a","d8f7ab35-f218-4b14-8188-bf744c42cb6e","xero","sample_gl_2024","Sample Company 2024","2026-05-17 17:20:37","2026-05-17 17:20:37","Sales","Marketing","Google Ads","",0,10200
"sample_gl_2024__TXN-0113",113,"2024-11-09 18:30:00","EX","TXN-0113","sample_gl_2024__TXN-0113__235","6400","6400","Advertising & Marketing",10200,"Holiday season campaign","3c964ac3-7868-48ca-a197-53cf9629175d","8154a8df-308a-433d-bafa-e0f9c070d66a","d8f7ab35-f218-4b14-8188-bf744c42cb6e","xero","sample_gl_2024","Sample Company 2024","2026-05-17 17:20:37","2026-05-17 17:20:37","Sales","Marketing","Google Ads","",10200,0
"sample_gl_2024__TXN-0114",114,"2024-11-11 18:30:00","AP","TXN-0114","sample_gl_2024__TXN-0114__236","2000","2000","Accounts Payable",-840,"Software subscription","3c964ac3-7868-48ca-a197-53cf9629175d","8154a8df-308a-433d-bafa-e0f9c070d66a","d8f7ab35-f218-4b14-8188-bf744c42cb6e","xero","sample_gl_2024","Sample Company 2024","2026-05-17 17:20:37","2026-05-17 17:20:37","Admin","General","Microsoft 365","",0,840
"sample_gl_2024__TXN-0114",114,"2024-11-11 18:30:00","EX","TXN-0114","sample_gl_2024__TXN-0114__237","6410","6410","Website & Software",840,"Software subscription","3c964ac3-7868-48ca-a197-53cf9629175d","8154a8df-308a-433d-bafa-e0f9c070d66a","d8f7ab35-f218-4b14-8188-bf744c42cb6e","xero","sample_gl_2024","Sample Company 2024","2026-05-17 17:20:37","2026-05-17 17:20:37","Admin","General","Microsoft 365","",840,0
"sample_gl_2024__TXN-0115",115,"2024-11-14 18:30:00","PR","TXN-0115","sample_gl_2024__TXN-0115__238","6000","6000","Salaries & Wages - Admin",15350,"November payroll - admin","3c964ac3-7868-48ca-a197-53cf9629175d","8154a8df-308a-433d-bafa-e0f9c070d66a","d8f7ab35-f218-4b14-8188-bf744c42cb6e","xero","sample_gl_2024","Sample Company 2024","2026-05-17 17:20:37","2026-05-17 17:20:37","Admin","General","Payroll","",15350,0
"sample_gl_2024__TXN-0115",115,"2024-11-14 18:30:00","PR","TXN-0115","sample_gl_2024__TXN-0115__239","6010","6010","Salaries & Wages - Sales",8033,"November payroll - sales","3c964ac3-7868-48ca-a197-53cf9629175d","8154a8df-308a-433d-bafa-e0f9c070d66a","d8f7ab35-f218-4b14-8188-bf744c42cb6e","xero","sample_gl_2024","Sample Company 2024","2026-05-17 17:20:37","2026-05-17 17:20:37","Sales","General","Payroll","",8033,0
"sample_gl_2024__TXN-0115",115,"2024-11-14 18:30:00","PR","TXN-0115","sample_gl_2024__TXN-0115__240","2100","2100","Accrued Payroll",-23383,"November payroll","3c964ac3-7868-48ca-a197-53cf9629175d","8154a8df-308a-433d-bafa-e0f9c070d66a","d8f7ab35-f218-4b14-8188-bf744c42cb6e","xero","sample_gl_2024","Sample Company 2024","2026-05-17 17:20:37","2026-05-17 17:20:37","Admin","General","Payroll","",0,23383
"sample_gl_2024__TXN-0116",116,"2024-11-17 18:30:00","AP","TXN-0116","sample_gl_2024__TXN-0116__241","2000","2000","Accounts Payable",-6000,"Monthly rent","3c964ac3-7868-48ca-a197-53cf9629175d","8154a8df-308a-433d-bafa-e0f9c070d66a","d8f7ab35-f218-4b14-8188-bf744c42cb6e","xero","sample_gl_2024","Sample Company 2024","2026-05-17 17:20:37","2026-05-17 17:20:37","Admin","General","WeWork","",0,6000
"sample_gl_2024__TXN-0116",116,"2024-11-17 18:30:00","EX","TXN-0116","sample_gl_2024__TXN-0116__242","6200","6200","Rent Expense",6000,"Monthly rent","3c964ac3-7868-48ca-a197-53cf9629175d","8154a8df-308a-433d-bafa-e0f9c070d66a","d8f7ab35-f218-4b14-8188-bf744c42cb6e","xero","sample_gl_2024","Sample Company 2024","2026-05-17 17:20:37","2026-05-17 17:20:37","Admin","General","WeWork","",6000,0
"sample_gl_2024__TXN-0117",117,"2024-11-19 18:30:00","AP","TXN-0117","sample_gl_2024__TXN-0117__243","2000","2000","Accounts Payable",-5400,"Legal - contract review","3c964ac3-7868-48ca-a197-53cf9629175d","8154a8df-308a-433d-bafa-e0f9c070d66a","d8f7ab35-f218-4b14-8188-bf744c42cb6e","xero","sample_gl_2024","Sample Company 2024","2026-05-17 17:20:37","2026-05-17 17:20:37","Admin","General","Baker McKenzie","",0,5400
"sample_gl_2024__TXN-0117",117,"2024-11-19 18:30:00","EX","TXN-0117","sample_gl_2024__TXN-0117__244","6520","6520","Accounting & Legal",5400,"Legal - contract review","3c964ac3-7868-48ca-a197-53cf9629175d","8154a8df-308a-433d-bafa-e0f9c070d66a","d8f7ab35-f218-4b14-8188-bf744c42cb6e","xero","sample_gl_2024","Sample Company 2024","2026-05-17 17:20:37","2026-05-17 17:20:37","Admin","General","Baker McKenzie","",5400,0
"sample_gl_2024__TXN-0118",118,"2024-11-21 18:30:00","AP","TXN-0118","sample_gl_2024__TXN-0118__245","2000","2000","Accounts Payable",-1440,"Utilities","3c964ac3-7868-48ca-a197-53cf9629175d","8154a8df-308a-433d-bafa-e0f9c070d66a","d8f7ab35-f218-4b14-8188-bf744c42cb6e","xero","sample_gl_2024","Sample Company 2024","2026-05-17 17:20:37","2026-05-17 17:20:37","Admin","General","ComEd","",0,1440
"sample_gl_2024__TXN-0118",118,"2024-11-21 18:30:00","EX","TXN-0118","sample_gl_2024__TXN-0118__246","6210","6210","Utilities",1440,"Utilities","3c964ac3-7868-48ca-a197-53cf9629175d","8154a8df-308a-433d-bafa-e0f9c070d66a","d8f7ab35-f218-4b14-8188-bf744c42cb6e","xero","sample_gl_2024","Sample Company 2024","2026-05-17 17:20:37","2026-05-17 17:20:37","Admin","General","ComEd","",1440,0
"sample_gl_2024__TXN-0119",119,"2024-11-24 18:30:00","AP","TXN-0119","sample_gl_2024__TXN-0119__247","2000","2000","Accounts Payable",-5800,"Holiday advertising","3c964ac3-7868-48ca-a197-53cf9629175d","8154a8df-308a-433d-bafa-e0f9c070d66a","d8f7ab35-f218-4b14-8188-bf744c42cb6e","xero","sample_gl_2024","Sample Company 2024","2026-05-17 17:20:37","2026-05-17 17:20:37","Sales","Marketing","Meta Ads","",0,5800
"sample_gl_2024__TXN-0119",119,"2024-11-24 18:30:00","EX","TXN-0119","sample_gl_2024__TXN-0119__248","6400","6400","Advertising & Marketing",5800,"Holiday advertising","3c964ac3-7868-48ca-a197-53cf9629175d","8154a8df-308a-433d-bafa-e0f9c070d66a","d8f7ab35-f218-4b14-8188-bf744c42cb6e","xero","sample_gl_2024","Sample Company 2024","2026-05-17 17:20:37","2026-05-17 17:20:37","Sales","Marketing","Meta Ads","",5800,0
"sample_gl_2024__TXN-0120",120,"2024-11-27 18:30:00","AP","TXN-0120","sample_gl_2024__TXN-0120__249","2000","2000","Accounts Payable",-280,"Payroll processing fee","3c964ac3-7868-48ca-a197-53cf9629175d","8154a8df-308a-433d-bafa-e0f9c070d66a","d8f7ab35-f218-4b14-8188-bf744c42cb6e","xero","sample_gl_2024","Sample Company 2024","2026-05-17 17:20:37","2026-05-17 17:20:37","Admin","General","ADP Payroll Services","",0,280
"sample_gl_2024__TXN-0120",120,"2024-11-27 18:30:00","EX","TXN-0120","sample_gl_2024__TXN-0120__250","6510","6510","Professional Fees",280,"Payroll processing fee","3c964ac3-7868-48ca-a197-53cf9629175d","8154a8df-308a-433d-bafa-e0f9c070d66a","d8f7ab35-f218-4b14-8188-bf744c42cb6e","xero","sample_gl_2024","Sample Company 2024","2026-05-17 17:20:37","2026-05-17 17:20:37","Admin","General","ADP Payroll Services","",280,0
"sample_gl_2024__TXN-0121",121,"2024-12-01 18:30:00","AP","TXN-0121","sample_gl_2024__TXN-0121__251","2000","2000","Accounts Payable",-1240,"Holiday shipping","3c964ac3-7868-48ca-a197-53cf9629175d","8154a8df-308a-433d-bafa-e0f9c070d66a","d8f7ab35-f218-4b14-8188-bf744c42cb6e","xero","sample_gl_2024","Sample Company 2024","2026-05-17 17:20:37","2026-05-17 17:20:37","Operations","Product","UPS","",0,1240
"sample_gl_2024__TXN-0121",121,"2024-12-01 18:30:00","EX","TXN-0121","sample_gl_2024__TXN-0121__252","6310","6310","Postage & Delivery",1240,"Holiday shipping","3c964ac3-7868-48ca-a197-53cf9629175d","8154a8df-308a-433d-bafa-e0f9c070d66a","d8f7ab35-f218-4b14-8188-bf744c42cb6e","xero","sample_gl_2024","Sample Company 2024","2026-05-17 17:20:37","2026-05-17 17:20:37","Operations","Product","UPS","",1240,0
"sample_gl_2024__TXN-0122",122,"2024-12-04 18:30:00","AP","TXN-0122","sample_gl_2024__TXN-0122__253","2000","2000","Accounts Payable",-68400,"Inventory purchase","3c964ac3-7868-48ca-a197-53cf9629175d","8154a8df-308a-433d-bafa-e0f9c070d66a","d8f7ab35-f218-4b14-8188-bf744c42cb6e","xero","sample_gl_2024","Sample Company 2024","2026-05-17 17:20:37","2026-05-17 17:20:37","Operations","Product","W.W. Grainger","",0,68400
"sample_gl_2024__TXN-0122",122,"2024-12-04 18:30:00","AS","TXN-0122","sample_gl_2024__TXN-0122__254","1200","1200","Inventory",68400,"Inventory purchase","3c964ac3-7868-48ca-a197-53cf9629175d","8154a8df-308a-433d-bafa-e0f9c070d66a","d8f7ab35-f218-4b14-8188-bf744c42cb6e","xero","sample_gl_2024","Sample Company 2024","2026-05-17 17:20:37","2026-05-17 17:20:37","Operations","Product","W.W. Grainger","",68400,0
"sample_gl_2024__TXN-0123",123,"2024-12-07 18:30:00","AP","TXN-0123","sample_gl_2024__TXN-0123__255","2000","2000","Accounts Payable",-700,"Monthly phone & internet","3c964ac3-7868-48ca-a197-53cf9629175d","8154a8df-308a-433d-bafa-e0f9c070d66a","d8f7ab35-f218-4b14-8188-bf744c42cb6e","xero","sample_gl_2024","Sample Company 2024","2026-05-17 17:20:37","2026-05-17 17:20:37","Admin","General","AT&T","",0,700
"sample_gl_2024__TXN-0123",123,"2024-12-07 18:30:00","EX","TXN-0123","sample_gl_2024__TXN-0123__256","6220","6220","Internet & Phone",700,"Monthly phone & internet","3c964ac3-7868-48ca-a197-53cf9629175d","8154a8df-308a-433d-bafa-e0f9c070d66a","d8f7ab35-f218-4b14-8188-bf744c42cb6e","xero","sample_gl_2024","Sample Company 2024","2026-05-17 17:20:37","2026-05-17 17:20:37","Admin","General","AT&T","",700,0
"sample_gl_2024__TXN-0124",124,"2024-12-09 18:30:00","AP","TXN-0124","sample_gl_2024__TXN-0124__257","2000","2000","Accounts Payable",-9600,"Year-end push campaign","3c964ac3-7868-48ca-a197-53cf9629175d","8154a8df-308a-433d-bafa-e0f9c070d66a","d8f7ab35-f218-4b14-8188-bf744c42cb6e","xero","sample_gl_2024","Sample Company 2024","2026-05-17 17:20:37","2026-05-17 17:20:37","Sales","Marketing","Google Ads","",0,9600
"sample_gl_2024__TXN-0124",124,"2024-12-09 18:30:00","EX","TXN-0124","sample_gl_2024__TXN-0124__258","6400","6400","Advertising & Marketing",9600,"Year-end push campaign","3c964ac3-7868-48ca-a197-53cf9629175d","8154a8df-308a-433d-bafa-e0f9c070d66a","d8f7ab35-f218-4b14-8188-bf744c42cb6e","xero","sample_gl_2024","Sample Company 2024","2026-05-17 17:20:37","2026-05-17 17:20:37","Sales","Marketing","Google Ads","",9600,0
"sample_gl_2024__TXN-0125",125,"2024-12-11 18:30:00","AP","TXN-0125","sample_gl_2024__TXN-0125__259","2000","2000","Accounts Payable",-14400,"Annual CRM renewal","3c964ac3-7868-48ca-a197-53cf9629175d","8154a8df-308a-433d-bafa-e0f9c070d66a","d8f7ab35-f218-4b14-8188-bf744c42cb6e","xero","sample_gl_2024","Sample Company 2024","2026-05-17 17:20:37","2026-05-17 17:20:37","Sales","Marketing","Salesforce","",0,14400
"sample_gl_2024__TXN-0125",125,"2024-12-11 18:30:00","EX","TXN-0125","sample_gl_2024__TXN-0125__260","6410","6410","Website & Software",14400,"Annual CRM renewal","3c964ac3-7868-48ca-a197-53cf9629175d","8154a8df-308a-433d-bafa-e0f9c070d66a","d8f7ab35-f218-4b14-8188-bf744c42cb6e","xero","sample_gl_2024","Sample Company 2024","2026-05-17 17:20:37","2026-05-17 17:20:37","Sales","Marketing","Salesforce","",14400,0
"sample_gl_2024__TXN-0126",126,"2024-12-14 18:30:00","PR","TXN-0126","sample_gl_2024__TXN-0126__261","6000","6000","Salaries & Wages - Admin",15350,"December payroll - admin","3c964ac3-7868-48ca-a197-53cf9629175d","8154a8df-308a-433d-bafa-e0f9c070d66a","d8f7ab35-f218-4b14-8188-bf744c42cb6e","xero","sample_gl_2024","Sample Company 2024","2026-05-17 17:20:37","2026-05-17 17:20:37","Admin","General","Payroll","",15350,0
"sample_gl_2024__TXN-0126",126,"2024-12-14 18:30:00","PR","TXN-0126","sample_gl_2024__TXN-0126__262","6010","6010","Salaries & Wages - Sales",8033,"December payroll - sales","3c964ac3-7868-48ca-a197-53cf9629175d","8154a8df-308a-433d-bafa-e0f9c070d66a","d8f7ab35-f218-4b14-8188-bf744c42cb6e","xero","sample_gl_2024","Sample Company 2024","2026-05-17 17:20:37","2026-05-17 17:20:37","Sales","General","Payroll","",8033,0
"sample_gl_2024__TXN-0126",126,"2024-12-14 18:30:00","PR","TXN-0126","sample_gl_2024__TXN-0126__263","2100","2100","Accrued Payroll",-23383,"December payroll","3c964ac3-7868-48ca-a197-53cf9629175d","8154a8df-308a-433d-bafa-e0f9c070d66a","d8f7ab35-f218-4b14-8188-bf744c42cb6e","xero","sample_gl_2024","Sample Company 2024","2026-05-17 17:20:37","2026-05-17 17:20:37","Admin","General","Payroll","",0,23383
"sample_gl_2024__TXN-0127",127,"2024-12-17 18:30:00","AP","TXN-0127","sample_gl_2024__TXN-0127__264","2000","2000","Accounts Payable",-6000,"Monthly rent","3c964ac3-7868-48ca-a197-53cf9629175d","8154a8df-308a-433d-bafa-e0f9c070d66a","d8f7ab35-f218-4b14-8188-bf744c42cb6e","xero","sample_gl_2024","Sample Company 2024","2026-05-17 17:20:37","2026-05-17 17:20:37","Admin","General","WeWork","",0,6000
"sample_gl_2024__TXN-0127",127,"2024-12-17 18:30:00","EX","TXN-0127","sample_gl_2024__TXN-0127__265","6200","6200","Rent Expense",6000,"Monthly rent","3c964ac3-7868-48ca-a197-53cf9629175d","8154a8df-308a-433d-bafa-e0f9c070d66a","d8f7ab35-f218-4b14-8188-bf744c42cb6e","xero","sample_gl_2024","Sample Company 2024","2026-05-17 17:20:37","2026-05-17 17:20:37","Admin","General","WeWork","",6000,0
"sample_gl_2024__TXN-0128",128,"2024-12-19 18:30:00","AP","TXN-0128","sample_gl_2024__TXN-0128__266","2000","2000","Accounts Payable",-11800,"Year-end audit","3c964ac3-7868-48ca-a197-53cf9629175d","8154a8df-308a-433d-bafa-e0f9c070d66a","d8f7ab35-f218-4b14-8188-bf744c42cb6e","xero","sample_gl_2024","Sample Company 2024","2026-05-17 17:20:37","2026-05-17 17:20:37","Admin","General","Deloitte","",0,11800
"sample_gl_2024__TXN-0128",128,"2024-12-19 18:30:00","EX","TXN-0128","sample_gl_2024__TXN-0128__267","6520","6520","Accounting & Legal",11800,"Year-end audit","3c964ac3-7868-48ca-a197-53cf9629175d","8154a8df-308a-433d-bafa-e0f9c070d66a","d8f7ab35-f218-4b14-8188-bf744c42cb6e","xero","sample_gl_2024","Sample Company 2024","2026-05-17 17:20:37","2026-05-17 17:20:37","Admin","General","Deloitte","",11800,0
"sample_gl_2024__TXN-0129",129,"2024-12-21 18:30:00","AP","TXN-0129","sample_gl_2024__TXN-0129__268","2000","2000","Accounts Payable",-1520,"Utilities","3c964ac3-7868-48ca-a197-53cf9629175d","8154a8df-308a-433d-bafa-e0f9c070d66a","d8f7ab35-f218-4b14-8188-bf744c42cb6e","xero","sample_gl_2024","Sample Company 2024","2026-05-17 17:20:37","2026-05-17 17:20:37","Admin","General","ComEd","",0,1520
"sample_gl_2024__TXN-0129",129,"2024-12-21 18:30:00","EX","TXN-0129","sample_gl_2024__TXN-0129__269","6210","6210","Utilities",1520,"Utilities","3c964ac3-7868-48ca-a197-53cf9629175d","8154a8df-308a-433d-bafa-e0f9c070d66a","d8f7ab35-f218-4b14-8188-bf744c42cb6e","xero","sample_gl_2024","Sample Company 2024","2026-05-17 17:20:37","2026-05-17 17:20:37","Admin","General","ComEd","",1520,0
"sample_gl_2024__TXN-0130",130,"2024-12-25 18:30:00","TR","TXN-0130","sample_gl_2024__TXN-0130__270","6600","6600","Travel & Entertainment",1800,"Year-end client entertainment","3c964ac3-7868-48ca-a197-53cf9629175d","8154a8df-308a-433d-bafa-e0f9c070d66a","d8f7ab35-f218-4b14-8188-bf744c42cb6e","xero","sample_gl_2024","Sample Company 2024","2026-05-17 17:20:37","2026-05-17 17:20:37","Sales","General","Various","",1800,0
"sample_gl_2024__TXN-0130",130,"2024-12-25 18:30:00","AP","TXN-0130","sample_gl_2024__TXN-0130__271","2000","2000","Accounts Payable",-1800,"Year-end client entertainment","3c964ac3-7868-48ca-a197-53cf9629175d","8154a8df-308a-433d-bafa-e0f9c070d66a","d8f7ab35-f218-4b14-8188-bf744c42cb6e","xero","sample_gl_2024","Sample Company 2024","2026-05-17 17:20:37","2026-05-17 17:20:37","Sales","General","Various","",0,1800
"sample_gl_2024__TXN-0131",131,"2024-12-27 18:30:00","AP","TXN-0131","sample_gl_2024__TXN-0131__272","2000","2000","Accounts Payable",-920,"Year-end office supplies","3c964ac3-7868-48ca-a197-53cf9629175d","8154a8df-308a-433d-bafa-e0f9c070d66a","d8f7ab35-f218-4b14-8188-bf744c42cb6e","xero","sample_gl_2024","Sample Company 2024","2026-05-17 17:20:37","2026-05-17 17:20:37","Admin","General","Office Depot","",0,920
"sample_gl_2024__TXN-0131",131,"2024-12-27 18:30:00","EX","TXN-0131","sample_gl_2024__TXN-0131__273","6300","6300","Office Supplies",920,"Year-end office supplies","3c964ac3-7868-48ca-a197-53cf9629175d","8154a8df-308a-433d-bafa-e0f9c070d66a","d8f7ab35-f218-4b14-8188-bf744c42cb6e","xero","sample_gl_2024","Sample Company 2024","2026-05-17 17:20:37","2026-05-17 17:20:37","Admin","General","Office Depot","",920,0
"sample_gl_2024__TXN-0132",132,"2024-12-29 18:30:00","AP","TXN-0132","sample_gl_2024__TXN-0132__274","2000","2000","Accounts Payable",-420,"Year-end payroll processing","3c964ac3-7868-48ca-a197-53cf9629175d","8154a8df-308a-433d-bafa-e0f9c070d66a","d8f7ab35-f218-4b14-8188-bf744c42cb6e","xero","sample_gl_2024","Sample Company 2024","2026-05-17 17:20:37","2026-05-17 17:20:37","Admin","General","ADP Payroll Services","",0,420
"sample_gl_2024__TXN-0132",132,"2024-12-29 18:30:00","EX","TXN-0132","sample_gl_2024__TXN-0132__275","6510","6510","Professional Fees",420,"Year-end payroll processing","3c964ac3-7868-48ca-a197-53cf9629175d","8154a8df-308a-433d-bafa-e0f9c070d66a","d8f7ab35-f218-4b14-8188-bf744c42cb6e","xero","sample_gl_2024","Sample Company 2024","2026-05-17 17:20:37","2026-05-17 17:20:37","Admin","General","ADP Payroll Services","",420,0
